a,1785
à,116
abaixa,1
abaixam,1
abaixaram,1
abaixo,6
abala,1
abalam,1
abalizada,1
abalo,1
abalroando,1
abalroar,1
abássia,1
abastada,1
abastados,1
abastam,1
abastança,1
abastanças,2
abastecida,1
abaterão,1
abatidas,1
abatido,1
abaxando,1
abaxandolhe,1
abaxar,1
aberta,1
aberto,5
abertos,1
abila,4
abola,1
abominábil,1
abomináveis,1
abominoso,1
abondanças,1
abono,1
abraão,1
abraça,3
abraçado,1
abraçados,2
abraços,1
abranches,1
abranda,1
abrandar,1
abrandarem,1
abrande,1
abrange,1
abrantes,3
abrasa,1
abrasado,1
abrasarlhe,1
abrasasse,1
abrasassem,2
abre,2
abrem,1
abria,1
abrigo,1
abrimos,1
abrindo,8
abrir,1
abrira,1
abrirá,1
abriram,1
abrirmos,1
abriu,3
abrolhos,1
absolutas,1
abstinência,1
abunda,1
abundante,2
abundantes,5
abundosos,1
aça,1
acaba,2
acabada,1
acabado,2
acabar,1
acabará,2
acabaram,1
acabasse,1
acabassem,1
acabava,1
acabavam,1
acabe,4
acabese,1
acabo,1
acabou,2
acaso,2
acatamentos,1
acautelada,1
aceita,1
aceito,2
aceitos,2
acena,2
acenando,1
acenavam,1
acenda,1
acende,4
acendem,2
acendendo,1
acendese,1
acendeu,2
acendia,2
acendiam,1
acendidas,1
acendido,4
acendidos,2
acenos,1
acentos,1
acerta,1
acertam,2
acerto,1
acesa,5
aceso,8
acesos,1
acha,6
achado,2
acham,3
achamos,7
achar,5
achara,3
achará,1
acharam,3
acharás,1
acharei,1
acharem,3
acharias,1
acharmos,1
acharse,1
achas,1
achasse,1
achava,2
achega,1
achei,2
achemos,1
aches,1
achou,2
acidália,2
acidentes,4
acima,2
aço,8
acode,3
acolhendose,1
acolherse,1
acolhiam,1
acomodadas,1
acomodado,1
acompanhada,1
acompanhado,10
acompanhando,1
acompanharam,1
acompanharme,1
acompanhavam,1
aconselha,3
aconselhara,1
aconselhava,1
aconselhou,1
aconteças,1
acontece,4
acontecera,1
aconteceu,2
acorda,3
acordados,1
acordam,1
acordo,2
acordou,1
acostumado,2
acostumados,1
açouta,1
açoute,3
acrescentando,1
acrescentar,1
acrescentarse,1
acrescentavam,2
acrescente,2
acriso,2
acroceráunios,1
acteon,3
actias,1
acude,2
acudindo,1
acudir,1
acudo,1
acumulam,1
adamantino,3
adamastor,2
adão,2
adarga,2
adargas,1
adereça,1
adereçam,1
adianta,1
adiante,1
adivinha,1
adivinhar,2
adjacentes,1
admira,1
admiração,2
admirada,1
admirado,1
admirados,1
admitidos,1
adónis,1
adora,6
adoração,1
adoram,1
adorando,1
adorava,1
adormeçam,1
adormece,3
adormecer,1
adormeces,1
adornada,3
adornado,2
adornavam,1
adornou,1
adquirida,1
adquirindo,1
adquirir,1
adriática,1
adulação,2
adúltera,1
adultério,1
adultérios,2
adúltero,1
adversa,1
adversárias,1
adversário,2
adversários,1
adversidade,2
aéreas,1
aéreos,1
áf,1
afábil,1
afaga,1
afagos,2
afama,1
afamada,2
afamadas,2
afamado,1
afamam,1
afamaram,1
afamarse,1
afastados,1
afeição,3
afeiçoada,2
afeiçoado,1
afeiçoados,1
afeiçoaram,2
afeições,2
afeitarse,1
afeitos,2
afeminam,1
afia,1
afigurada,1
afiguradas,1
afigurado,1
afinando,1
afinem,1
afirmados,1
afirmo,1
afoga,1
afogada,2
afogavam,1
afonso,27
afonsos,2
afora,3
afortunado,1
africa,1
áfrica,13
africana,5
africanas,2
africano,3
afronta,2
afrontada,1
afrontados,1
afronte,1
afugenta,1
aganipe,1
agar,3
agardecido,1
agareno,2
agasalha,1
agasalhado,1
agasalhados,6
agasalharam,1
agasalharte,2
agasalhou,2
agora,56
agosto,1
agoureiro,1
agouros,1
agrada,1
agradeça,1
agradece,1
agradecendo,2
agradeceu,1
agradecido,1
agrava,3
agravadas,1
agravado,3
agravo,1
agreste,3
agrestes,3
agripina,1
água,41
aguada,1
aguardando,1
aguardava,1
águas,53
aguda,4
agudas,3
agudeza,1
agudo,1
agudos,1
águias,1
ah,1
aiace,1
ainão,1
ainda,34
airoso,1
ajuda,13
ajudada,1
ajudado,5
ajudais,1
ajudálo,1
ajudao,1
ajudar,6
ajudaram,2
ajudasse,1
ajude,2
ajudou,3
ajunta,11
ajuntada,1
ajuntados,2
ajuntam,2
ajuntame,1
ajuntamento,9
ajuntando,4
ajuntaram,1
ajuntarem,1
ajuntarse,1
ajuntase,1
ajuntava,1
ajuntavam,1
ajuntou,2
ala,4
alabastro,3
alaga,2
alagada,1
alagado,1
alagando,1
alagaram,1
alagoa,2
alague,1
alarga,4
alargaram,1
alargasse,2
alarido,1
alaridos,1
alarte,1
alas,1
albis,2
albuquerque,3
alcáçare,1
alcácer,1
alcácere,1
alcáceredosal,2
alçada,1
alçado,2
alcança,8
alcançada,3
alcançado,1
alcançála,1
alcançam,2
alcançando,2
alcançar,1
alcançara,1
alcançaram,4
alcançarás,1
alcançarte,1
alcançasse,1
alcançava,1
alcançou,2
alçando,1
alçase,1
alcides,3
alcino,1
alcióneas,1
alcmena,1
alcorão,2
aldeia,1
ale,1
alegra,4
alegraios,1
alegramos,1
alegrava,1
alegre,12
alegremente,8
alegres,9
alegria,23
alegrias,1
alegrou,1
aleides,1
além,4
alemães,2
alemanha,3
alembroulhe,1
alemos,1
alencastro,1
alenquer,1
alento,1
alerta,1
aleto,1
alevanta,6
alevantada,2
alevantado,2
alevantam,2
alevantamos,1
alevantando,6
alevantar,1
alevantaram,1
alevantarmos,1
alevantase,1
alevantasse,1
alevantastes,1
alevantava,1
alevantavam,1
alevante,1
alevantou,1
alexandre,2
alexandrina,1
alexandro,4
alexandros,1
alferes,1
alférezes,1
alfeu,1
algarves,2
algodão,3
algoz,1
algozes,1
alguém,2
algum,34
alguma,11
algumas,9
alguns,26
alhea,1
alheia,6
alheias,1
alheio,10
alheios,4
ali,106
alianças,1
alija,2
alimária,1
alimárias,2
alimpa,2
alimpam,1
alimpamos,1
aljava,1
aljavas,1
aljôfar,2
alma,14
almada,1
almadias,6
almas,7
almeidas,1
aloé,1
alongada,1
alongavam,1
alongo,1
alparcas,1
alqueires,1
alta,30
altamente,1
altar,1
altas,12
alteração,1
alterada,1
alteradas,1
alterado,1
alternando,1
alteza,3
altíssima,1
altíssimos,2
altíssona,1
altíssonos,1
altiva,1
altivo,4
altivos,1
alto,36
altos,20
altura,1
alumia,1
alumiado,1
alumiasse,1
aluno,2
alva,3
alvares,3
álvaro,2
alvas,5
alvoroça,3
alvoroçada,1
alvoroçado,3
alvoroçarse,1
alvoroço,1
ama,19
amada,12
amadas,3
amado,10
amador,1
amadores,2
amados,2
amaina,4
amainamos,1
amainase,1
amainassem,2
amainou,1
amais,1
amalteia,1
amam,2
amando,2
amansadas,1
amansando,1
amansava,1
amansavam,1
amanse,1
amante,6
amantes,7
amar,1
amara,4
amarelo,1
amarelos,2
amaro,2
amarra,2
amarras,1
amarte,1
amasis,1
amasse,1
amaste,1
amava,2
amavam,2
ambas,5
ambição,5
ambicioso,2
ambos,8
ambrósia,1
ameaça,1
ameaçando,2
ameaço,1
ameaços,2
amedrontada,1
amedrontado,3
amedrontados,1
ameno,6
amestramos,1
amido,1
amiga,4
amigas,3
amigo,15
amigos,13
amimados,1
amiúdamse,1
amizade,7
amizades,1
amo,3
amoesta,1
amolando,2
amon,1
amor,67
amoras,1
amores,21
amorosa,1
amorosas,4
amoroso,1
amorosos,1
amortecido,1
amostra,3
amostrais,1
amostrando,1
amostrandose,1
amostrar,1
amostrarão,1
amostrou,1
amparo,1
ampelusa,2
anafis,2
ancas,1
âncora,3
ancorado,1
ancorados,1
ancoraram,1
âncoras,5
ancoravam,2
anda,10
andais,3
andaluzia,2
andam,2
andamos,3
andando,2
andar,6
andaram,3
andaríamos,1
andarlhe,1
andassem,1
andava,13
andavam,4
ande,4
andor,1
anéis,1
anelado,1
anfióneas,2
anfitrite,2
angélica,10
angélico,3
angélicos,1
anibais,1
anibal,1
anima,2
animada,1
animados,1
animais,12
animal,5
animava,2
anime,1
ânimo,10
ânimos,4
animoso,3
animosos,3
anjos,1
ano,5
anos,16
anquises,2
anrique,2
antão,1
antarctico,2
antarcticos,1
antártico,2
ante,4
antecessores,1
antemão,1
antenas,1
antenor,2
antepassados,1
antepuser,1
antes,34
anteu,3
antevêem,1
antídoto,1
antiga,17
antigamente,4
antigas,2
antigo,22
antigos,14
antígua,2
antiguidade,4
antiguidades,1
antíguos,1
antípodas,1
antolha,1
antolhos,1
antónio,5
anúbis,1
ao,226
aonde,11
aónia,1
aos,63
apagada,1
apanha,2
apanhando,2
apanhasse,1
aparece,11
aparecem,5
apareceu,1
aparecia,3
aparelha,4
aparelhada,4
aparelhado,5
aparelhados,4
aparelhamos,1
aparelhava,2
aparelhavam,2
aparelho,5
aparência,3
aparta,3
apartadas,4
apartado,3
apartados,2
apartamos,1
apartando,2
apartar,1
apartava,1
apartavam,1
aparte,1
apartou,3
apascenta,2
apascentar,1
apascentavam,1
apeles,1
apenas,1
apenino,1
apercebe,1
apercebemse,1
apercebessem,1
apercebia,1
apercebida,3
apercebido,7
apercebidos,2
apertando,1
apertaram,1
apertava,1
apertavam,1
aperto,4
apesar,4
apetitos,2
apio,1
apito,1
apodrecia,2
apolíneo,1
apolíneos,1
apolo,8
apontando,1
após,3
aposentasse,1
aposento,2
aposentos,3
aposentou,1
apouca,1
aprazíveis,1
apregoa,2
apregoam,2
aprendam,1
aprende,3
aprendem,1
aprendeu,1
aprendido,1
apresenta,8
apresentara,1
apresentaram,1
apresentasse,1
apresente,1
apressa,1
apressada,1
apressadas,1
apressado,3
aprova,1
aprovado,1
aprovam,1
aproveita,2
aproveitar,1
aproveitaram,1
apto,1
apúlia,1
apura,1
aquáticas,2
aqueixa,1
aquela,15
àquela,2
aquelas,10
aquele,34
aqueles,20
aquém,1
aqueménia,1
aquentava,1
aquente,1
aqueronte,1
aqui,72
aquiles,5
aquilo,8
aquista,1
aquoso,1
ar,24
ara,2
arábia,6
arábica,4
arábicas,1
arábico,1
arábio,1
arado,2
arados,2
aragão,1
arame,1
aras,4
araspas,1
arcadas,1
arcádia,1
arco,4
arcos,5
arcturo,1
arde,5
ardendo,3
ardente,37
ardentes,4
ardentíssimos,1
arderam,1
ardia,2
ardido,1
ardil,3
ardis,2
ardor,4
ardores,1
árdua,1
árduas,2
árduo,2
areia,8
areias,3
arenosa,5
arenosas,2
arenosos,1
ares,8
areturo,1
aretusa,1
argênteas,2
argento,5
argo,1
argonautas,2
argos,2
argutos,1
áridos,1
aríete,1
arma,3
armada,36
armadas,5
armado,4
armados,1
armaduras,1
armamse,1
armando,2
armar,1
armas,52
armase,1
armastes,1
arme,1
arménia,1
arménios,1
armígeros,1
armou,1
arnês,3
arneses,4
arou,1
arpéus,1
arquico,1
arquiteto,1
arracão,1
arraial,2
arranca,1
arrancam,1
arrancaram,1
arrancavam,1
arrasa,1
arreceava,1
arreceia,4
arreceio,1
arreceosos,1
arrede,1
arreia,4
arreias,1
arreio,3
arremeda,1
arremessa,5
arremessando,1
arremessões,1
arremessou,1
arrenegados,2
arrenegando,1
arrependido,1
arrepiamse,1
arribando,1
arrogante,2
arrogantes,1
arrojando,1
arrombam,1
arronches,2
arruinar,1
arsinário,1
arsínoe,2
artabro,1
arte,37
artes,5
artífice,1
artifício,1
artifícios,1
artificiosa,1
artilharia,2
arúspices,1
árvore,2
arvoredo,4
arvoredos,1
árvores,7
arzila,1
as,514
ás,1
às,50
asas,8
ásia,5
asianas,1
asinha,6
aspecto,2
aspectos,1
aspeito,1
ásperas,3
aspereza,4
asperezas,1
asperíssimo,1
áspero,4
ásperos,8
aspérrima,1
aspérrimo,1
aspérrimos,2
aspirasse,1
aspirava,1
assalte,2
assalto,1
assaz,2
assela,2
asselo,1
assenta,2
assentada,1
assentado,1
assentados,2
assentam,1
assentarei,1
assentava,1
assentavam,1
assente,2
assento,13
assentos,3
assi,4
assim,109
assinala,2
assinalada,1
assinalado,3
assinalados,1
assinalar,1
assinalarse,1
assíria,4
assírios,1
assombrado,1
assopra,1
assopralhe,1
assoprando,2
assoprava,1
assopravam,2
assopros,1
assovia,2
assoviando,1
ásteas,2
astianás,1
astreia,1
astrolábio,1
astúcia,2
astúrias,2
astutamente,1
astutas,1
astuto,9
atada,1
atai,1
atalha,1
atalhavam,1
atalho,2
atamante,1
atambores,2
atando,1
ataram,1
atava,1
ate,1
até,24
ateada,1
atéaqui,1
ateia,1
atéli,2
atenas,2
atenta,1
atentado,1
atentando,2
atento,2
atiça,2
atila,1
atlante,3
atlântico,2
atolados,1
atónito,3
atrás,5
atravessa,2
atravessando,1
atreu,1
atreva,1
atreve,7
atrevem,1
atreveu,1
atrevidas,1
atrevidos,1
atrevimento,2
atrevimentos,3
atrevo,1
atroa,1
atroam,2
atroando,1
atroce,1
atroces,1
átropos,1
audazes,1
augusto,2
augustos,1
aumenta,2
aumentasse,1
aumento,1
aura,1
aurea,1
áurea,3
áureas,1
áureo,1
áureos,2
auríferas,1
aurífero,1
aurora,12
ausência,2
ausónía,1
ausónios,1
austera,1
austero,2
austeros,1
austrais,1
austral,3
austrina,2
austro,8
autoridade,2
avantajado,1
avante,10
avarentos,1
avaro,4
avaros,2
avás,1
ave,1
avena,1
avenas,1
aventajam,1
aventura,1
aventurado,1
aventurados,1
aventurar,3
aventuraram,1
aventurarme,1
aventurarse,1
aventuras,1
aventureira,1
aventureiras,1
aventureiro,4
aventureiros,2
aventuroso,1
aves,13
avisa,2
avisado,1
avisamos,1
avisara,1
aviso,3
avizinha,1
avô,2
avorrecida,2
avorrecido,2
avós,1
avôs,1
axio,1
az,2
azagaia,1
azagaias,1
azenegues,1
azuis,2
azul,1
babel,3
babilónias,1
baça,1
baçaim,1
bacanor,1
bácaro,1
baco,17
bactra,1
badajoz,2
bafo,1
bago,1
bailos,1
baixa,2
baixo,5
baixos,3
balanços,1
balduíno,1
baluartes,1
banda,11
bandeira,8
bandeiras,9
bando,3
banha,5
banhada,1
banhados,2
banhando,2
banhar,2
banharemse,1
banharme,1
banhavam,1
banquetes,2
barão,1
barata,2
barba,4
bárbara,2
barbaria,2
bárbaro,12
bárbaros,3
barborá,1
barcos,2
barém,1
barões,8
barra,8
barrete,1
barretes,1
basiliscos,1
basta,1
bastante,6
bastantes,1
bastão,1
bastaram,1
bastardo,1
bastava,1
batalha,9
batalhas,7
batéis,17
batel,7
batendo,1
batiam,1
batizado,2
batizados,1
batro,1
baxa,1
baxo,2
baxos,1
beatilha,1
beatriz,1
bebe,5
bebem,1
bebendo,2
beber,1
bebeu,1
bebido,1
beiços,1
beija,1
beijar,3
beijos,3
beja,3
bela,27
belacíssimos,1
belas,7
belém,1
beleza,1
bélica,5
bélicas,1
bélico,2
belicosa,4
belicosas,2
belicoso,3
belicosos,3
belígera,1
belígeras,1
belígero,3
belisário,1
belíssima,1
belo,7
belona,1
belos,2
bem,98
bemaventurado,1
benefício,1
bengala,2
benigna,3
benignamente,1
benignidade,1
benigno,3
benino,1
benjamim,1
benquisto,1
bens,1
berberia,1
berço,2
berços,1
bestas,1
bestial,1
bética,1
bétis,3
bíbli,2
bicho,2
bico,1
bicos,1
bintão,1
bipur,1
biscainha,1
bispo,1
bívoras,1
bizâncio,2
blasfema,3
blasfemando,1
boa,8
boca,8
bocas,1
bocejando,1
boêmios,1
bois,1
bolonhês,1
bom,12
bomba,3
bombardadas,1
bombardas,4
bombardeiros,1
bombas,2
bonanças,1
bondade,3
bonina,1
boninas,4
bons,4
bootes,1
bordo,7
boreais,3
boreal,1
bóreas,7
bornéu,1
botões,1
bovina,2
braço,22
braços,15
brada,6
bradandovos,1
brado,2
brados,4
bradou,1
brama,1
bramando,2
bramás,1
bramavam,1
brâmene,1
brâmenes,1
bramido,1
bramidos,2
bramindo,1
bramo,1
branca,9
brancas,3
branco,3
brancos,3
branda,4
brandamente,6
brandas,1
brandindo,2
brando,12
brandura,2
branduras,1
brava,6
bravas,1
braveza,3
bravo,14
bravos,4
bretanha,1
breve,14
brevidade,3
briareu,1
brigo,1
brincando,1
brincava,1
brincos,1
brúsio,1
bruta,8
brutas,2
brutezas,1
bruto,7
brutos,3
busca,7
buscais,1
buscamos,2
buscando,12
buscar,24
buscara,1
buscarei,1
buscarlhe,2
buscarse,1
buscas,1
buscasse,1
buscava,3
buscavam,2
busco,1
buscou,2
busíris,1
cá,13
cabaia,1
cabaias,1
cabe,4
cabeça,16
cabeças,7
cabeceira,2
cabelo,2
cabeloó,1
cabelos,9
cabem,1
cabo,9
cabrestante,2
caça,6
caçador,2
caçadora,1
caçadores,2
cachos,1
cada,20
cadeias,2
cadeira,1
cadeiras,2
cádis,1
cadmo,1
caem,3
cães,6
cafres,2
cai,4
caia,2
caía,1
caíam,1
caídas,1
caído,2
caindo,1
cair,5
caíram,1
cairão,1
cais,1
caiu,1
cajado,1
calada,1
calaiate,1
calatrava,1
calçado,1
calças,1
calecu,9
calese,1
cálida,1
calíope,3
calipsos,1
calisto,3
calma,4
calmas,1
calo,1
calpe,1
cama,2
camarões,2
cambaia,3
cambaica,1
cambaicos,1
cambalão,1
camboja,1
camenas,2
camilha,1
caminha,6
caminham,1
caminhando,3
caminhante,1
caminhava,2
caminho,24
caminhos,5
camisa,1
campais,1
campaspe,1
campina,1
campo,29
campos,20
canace,1
cananor,3
canará,1
canárias,1
canas,1
cancro,1
candace,1
cândida,3
canela,3
cânfora,1
cangrejos,1
canina,1
cano,3
canora,3
canoras,1
canoro,1
cansada,4
cansado,3
cansados,5
cansam,1
cansas,1
canseiras,1
canses,1
canta,5
cantada,1
cantado,1
cantam,1
cantando,8
cantar,1
cantara,1
cantarei,1
cantarvos,1
cantassem,1
cantava,6
cante,2
cantem,1
cantigas,1
canto,24
cantos,1
cantou,1
canúsio,1
cão,4
caos,1
capacetes,1
capadoces,1
capela,1
capelas,3
capitães,2
capitaina,3
capitania,2
capitão,62
capuzes,1
cara,12
caramujos,1
caravelas,1
cárcere,1
carece,1
carga,1
cargo,5
cargos,1
caríbdis,2
caridade,2
caríssima,1
carlos,3
carmânia,1
carmesi,2
carne,9
carneiro,1
carneiros,2
carnes,4
carniceiros,1
caro,7
caros,4
carrega,1
carregada,2
carregadas,3
carregado,2
carregandose,1
carro,9
carros,2
cartago,1
cartas,1
carvalho,1
casa,14
casada,1
casado,2
casamento,1
casar,1
casarse,2
casas,4
casca,2
cascas,1
cascavéis,1
caso,21
casos,14
cáspia,1
cáspios,2
casta,1
castela,16
castelhana,2
castelhanas,1
castelhano,14
castelhanos,3
castelos,3
castiga,1
castigado,2
castigador,1
castigando,1
castigar,1
castigará,1
castigo,14
castigos,1
castro,2
caterina,1
catigão,1
catilina,1
cativarem,1
cativeiro,3
cativo,1
catuais,2
catual,13
cauchichina,1
caudas,1
caudinas,1
causa,14
causar,1
causaram,4
causas,5
cauta,1
cautamente,1
cautelosos,1
cauto,3
cavaleiro,16
cavaleiros,9
cavalgada,1
cavalgam,1
cavalo,7
cavalos,9
cavernas,2
cavernoso,1
cecém,1
cedo,5
cega,3
cegando,2
cego,9
cegos,2
cegueira,1
ceilão,4
ceita,4
celebra,1
celebrada,4
celebrado,4
celebrando,3
celebrar,1
celebrara,1
celebrava,2
célebre,3
celeste,7
celestes,1
celeuma,1
celo,2
celsa,1
cem,3
centimano,1
cento,6
cepo,1
ceptro,2
cerca,5
cercada,1
cercadas,1
cercado,10
cercam,2
cercando,2
cercar,2
cercara,1
cercaram,1
cercassem,1
cerco,5
cercos,3
cerejas,1
ceres,4
cerimónias,1
cerque,1
cerra,2
certa,10
certamente,2
certas,4
certeza,4
certifica,1
certificado,2
certificarte,1
certifico,1
certificote,1
certíssima,2
certíssimo,1
certo,38
certos,4
cerúlea,1
cerúleas,1
cerúleo,1
cerva,2
cerviz,5
cervos,1
césar,4
cesárea,1
cesáreos,1
césares,1
cessando,1
cessavam,1
cesse,1
cessem,1
cetim,1
céu,80
céus,19
ceva,2
cevadas,1
ceve,1
cezimbra,1
chagas,4
chale,1
chalé,1
chama,22
chamada,4
chamadas,1
chamado,1
chamados,1
chamais,1
chamam,5
chamamlhe,1
chamamos,1
chamamte,3
chamandose,2
chamandote,1
chamar,3
chamará,1
chamarão,1
chamarem,1
chamarse,1
chamase,1
chamava,2
chame,2
chameime,1
chamou,1
champá,1
chão,6
charco,1
chaúl,2
chave,1
chega,5
chegada,4
chegadas,1
chegado,11
chegados,5
chegam,6
chegamos,1
chegar,6
chegara,2
chegaram,4
chegase,1
chegasse,3
chegassem,2
chegava,2
chegavam,1
chegue,1
cheia,2
cheias,1
cheio,3
cheios,1
cheirando,1
cheiro,6
cheiros,1
cheirosa,1
cheiroso,4
chiamai,1
china,4
chora,2
choradas,1
chorando,4
choraram,1
choro,7
chorosos,1
chorou,1
chovem,1
chovendo,1
chuças,1
chupando,1
chupava,1
chuva,2
chuveiros,1
cibele,1
cícero,1
ciclopas,1
cicones,1
cidade,45
cidades,11
cidreira,1
ciência,4
ciências,2
ciente,1
cientes,1
cifísia,1
cila,4
cilada,7
cileneu,2
cilícios,1
cima,13
cimeiras,1
cinco,10
cingapura,1
cinge,2
cingidos,1
cinífio,1
ciniras,2
cinireia,2
cínis,1
cinosura,1
cinta,2
cintilava,1
cinto,1
cio,1
cioso,2
cipariso,1
cipião,2
cipiões,1
cípria,3
cipro,1
circe,1
circes,1
círculo,1
ciro,1
cirurgião,1
cisne,1
cisnes,2
cisternas,1
cítara,3
cítaras,1
citas,1
citera,1
citere,1
citereia,3
cítia,2
cítico,2
cíticos,1
ciúmes,3
civis,2
cizânia,1
cizânias,1
clara,17
claramente,5
claras,4
claridade,1
clarifica,1
claríssimo,1
claro,41
claros,4
clemência,3
clemente,1
cleoneu,1
cleopatra,1
clície,1
clima,4
climas,3
climene,1
cloris,1
cloto,1
co,22
coa,20
coalhada,1
coalhado,2
coalhados,1
coalhava,1
coalhavam,1
coas,4
coberto,1
cobertos,3
cobiça,10
cobiçadas,1
cobiçarem,2
cobiço,1
cobiçosas,1
cobiçoso,5
cobiçosos,1
cobre,4
cobrem,1
cobrir,1
cobriu,1
cochim,3
cocito,1
cocles,1
codro,2
coelho,6
cógnito,1
coimbra,1
coisa,6
coisas,12
coitados,1
colar,2
colcos,2
colhendo,1
colher,2
colo,13
colofónia,1
colos,3
colosso,1
columbo,1
coluna,2
colunas,2
com,578
coma,1
combate,2
combater,1
combates,2
combatessem,1
come,4
começa,9
começada,1
começado,1
começam,4
começando,1
começandose,1
começase,1
começava,1
comece,1
comecei,1
comecem,1
começo,2
começolhe,1
começos,1
começou,1
comédias,1
comem,1
comendadores,1
comendo,1
comer,1
comércio,7
comeria,1
cometa,1
cometam,1
cometas,1
comete,4
cometêlas,1
cometelhe,2
cometendo,6
cometer,7
cometera,1
cometerá,1
cometeram,2
cometerão,1
cometerdes,1
cometessem,1
cometeu,1
cometia,1
cometimento,2
cometo,1
comia,1
comido,2
comigo,4
como,192
comovia,1
comovida,1
comovido,1
compadece,1
compadecem,1
companha,3
companheira,1
companheiro,9
companheiros,10
companhia,27
companhias,1
compassado,1
compassar,1
compelia,1
compelidos,2
compensando,1
compete,1
competência,1
competia,1
composta,1
compra,2
compradas,1
comprála,1
comprara,2
comprarvos,1
comprazer,1
comprem,2
comprida,1
compridas,2
comprido,3
compunha,1
comum,1
comunicavam,1
comuns,1
conca,1
côncavas,1
concavidades,1
côncavos,1
concebe,1
concebem,1
conceberas,1
concebidos,1
concede,5
concedeu,1
concedida,1
concedido,3
concedidos,1
concedo,1
conceito,6
concertada,2
concertadas,1
concertado,1
concertamse,2
concertasse,1
concertava,1
concertavam,1
concerto,2
concertos,1
concertou,1
concha,1
conchas,2
conchinhas,1
conciliam,1
concílio,1
concorre,2
concorrer,1
concorria,2
conde,8
condena,5
condenado,1
condenados,1
condes,1
condessa,1
condição,4
conduzidos,5
conduzirnos,1
conduziu,1
confessarem,1
confessarme,1
confiada,2
confiadas,1
confiado,3
confiados,1
confiamos,1
confiança,7
confiavam,2
confina,2
conformando,1
conforme,1
conformes,4
conforto,1
confronta,1
confusa,2
confuso,4
congela,1
congelado,3
congo,1
conheça,5
conheçam,3
conhece,7
conhecem,2
conhecendo,3
conhecer,1
conheceram,1
conheces,1
conhecida,3
conhecidas,2
conhecido,9
conhecidos,4
conhecimento,1
conosco,3
conquanto,1
conquista,5
conquistado,1
conquistando,2
conquistar,3
conquistou,1
consagradas,1
consagrado,2
consciência,3
consciências,2
conselheira,1
conselheiros,1
conselho,14
conselhos,3
consente,11
consentem,1
consentia,2
consentir,1
consentirei,1
consentisse,1
consentiu,3
consertes,1
conserva,1
considera,2
considerava,2
consigo,15
consinto,1
consócios,1
consolação,1
consolarte,1
consonância,1
consorte,4
conspira,1
constante,5
constantes,2
constantino,2
constituições,1
constrange,1
cônsul,1
consume,3
consumido,2
consumidora,1
conta,10
contada,1
contam,3
contaminem,1
contando,2
contar,5
contarei,1
contares,1
contaria,1
contarte,1
contas,1
contava,4
conte,3
contei,1
contemplo,2
contenda,1
contende,1
contenta,7
contentamento,4
contentar,3
contente,10
contentes,3
contentou,1
contido,1
contigo,6
contina,1
continente,1
contino,6
conto,5
contos,1
contou,3
contra,76
contrairo,1
contrária,3
contrário,8
contrários,5
contraste,2
contrato,4
contudo,11
convém,3
convenha,2
convenham,1
convenientes,3
conversação,1
converte,4
converteram,2
converteseme,1
convertessem,1
converteu,4
convertida,2
convertido,3
convida,2
convidam,1
convinha,7
convinham,1
convoca,2
convocados,1
convocando,1
convosco,4
coo,55
coos,21
cópia,2
cor,30
coração,30
corações,11
coral,1
corda,1
cordas,1
córdova,1
coreias,3
cores,16
coriolano,1
cornélio,1
cornígera,1
corno,4
cornos,5
coro,4
coroa,7
coroada,2
coroado,1
coroas,2
coros,2
corpo,21
corporais,1
corpos,4
corra,1
corre,14
correia,1
correio,1
correm,2
correndo,10
corrente,8
correntes,1
correr,4
correram,2
correrás,1
correrem,1
corres,1
corresponde,1
correu,2
corri,1
corria,5
corrido,2
corro,2
corrompe,4
corrompida,1
corrompido,2
corrupção,2
corrupto,3
corruptores,1
corruptos,2
corta,5
cortada,1
cortadas,1
cortado,1
cortadora,1
cortam,1
cortando,12
cortar,4
cortaram,1
cortava,5
cortavam,1
corte,6
cortesãos,3
cortesia,3
cortiça,1
cortou,1
corvino,1
cos,8
costa,34
costas,7
costuma,2
costumada,2
costumadas,1
costumado,3
costumados,1
costumaivos,1
costumam,1
costumava,1
costume,7
costumes,10
coturno,1
coube,1
coubera,1
coulão,1
coulete,1
couraça,1
cousa,10
cousas,13
couto,1
cova,2
covarde,1
covas,3
coxa,2
cozinheiros,1
cranganor,1
crástina,2
cravo,4
crê,6
crebros,2
crédito,4
credulidade,1
crédulo,1
crêem,1
creia,3
creiais,1
creias,3
creio,6
crêm,1
crendo,6
crepitantes,3
crer,3
creram,1
crês,4
cresçam,1
cresce,6
crescendo,1
cresceram,1
crescia,1
crescimento,1
crespa,1
crespas,1
crespos,2
cresses,1
cria,10
criação,1
criado,3
criam,1
crianças,1
criancinhas,1
criando,1
criandoa,1
criar,2
criarei,1
criaste,1
criastes,1
crido,1
criou,2
crises,1
cristal,10
cristalina,2
cristalinas,1
cristalino,5
cristalinos,3
cristandade,4
cristão,4
cristãos,11
cristianíssima,1
cristianíssimo,1
cristo,17
cru,2
crua,7
cruas,3
cruéis,2
cruel,10
crueldade,1
crueldades,1
cruento,1
crueza,3
cruezas,4
cruíssimo,1
cruz,4
cüa,2
cuida,8
cuidada,4
cuidado,7
cuidados,1
cuidam,2
cuidando,2
cuidar,1
cuidaram,1
cuidava,9
cuidei,3
cuideis,2
cuides,1
cuidosos,1
cuidou,2
cuja,34
cujas,2
cujo,19
cujos,3
culpa,10
culpado,2
culpando,1
culpas,1
culto,2
cultura,1
cum,8
cuma,1
cumas,1
cume,4
cumpra,1
cumprida,1
cumprido,2
cumprirá,1
cumprisse,2
cunha,2
cupido,4
cupidos,2
cura,1
curamno,2
curavam,2
cúrcio,1
curioso,6
curiosos,1
curral,1
cursos,1
curta,3
curto,1
curva,2
curvo,4
custa,3
custarteemos,1
custava,1
cutiale,1
cutiladas,1
d,2
da,491
dá,28
dabul,1
dada,5
dadas,3
dádiva,1
dádivas,2
dado,10
dados,2
dafne,2
dágua,7
dai,5
daime,3
daimo,1
dais,1
dalém,1
dalentejo,1
dalgum,1
dalguns,2
dálhe,5
dali,10
dalma,2
dálmatas,1
daltos,1
dama,12
damas,13
damasceno,1
damasco,1
dambas,1
dambos,1
damizade,2
damor,2
danada,2
danado,5
danais,1
danças,3
dando,26
dandolhe,1
dânimo,1
dano,24
danos,9
danosas,1
danoso,1
dantes,5
danúbio,1
dão,15
dãoos,1
daquela,9
daquele,6
daqueles,9
daqui,17
daquilo,2
dar,36
dará,3
darão,3
dardânia,2
darei,1
dareis,1
darem,1
daria,5
dariam,1
dario,1
dário,1
darlhe,4
darmas,2
darse,1
darte,1
darteei,1
darvos,1
das,151
daspeito,1
dava,9
davam,1
david,2
de,1416
dê,3
debaixo,10
debate,1
debatem,1
débil,2
debuxada,2
decanis,1
decem,1
decente,1
decerão,1
décimo,1
décios,1
declara,1
declarando,2
declinada,1
decreto,3
dedálea,1
dedicam,2
dêem,2
dêemlhe,2
defende,6
defendei,1
defendêlo,1
defendem,5
defender,5
defenderá,1
defenderei,1
defendeste,1
defendido,1
defensa,2
defensão,2
defesa,10
defronte,4
defunto,1
degeneram,1
degradado,2
dei,1
deia,1
deidade,1
deidades,3
deita,3
deitada,1
deitadas,2
deitado,3
deitam,1
deitando,3
deitandoo,1
deitar,1
deitaram,2
deitavam,1
deitou,2
deixa,17
deixada,1
deixado,1
deixais,2
deixam,5
deixamos,4
deixando,14
deixar,6
deixara,2
deixará,1
deixaram,3
deixarão,2
deixaria,1
deixas,2
deixasse,1
deixassem,1
deixava,9
deixavam,2
deixe,3
deixes,1
deixo,3
deixou,7
dela,21
delas,11
dele,29
deleitava,2
deleite,3
deleites,4
deleitosa,2
deleitosas,2
deleitoso,3
deleitosos,2
deles,12
delfim,1
delfins,1
delgaçando,2
delgada,1
delgado,4
delicada,1
delicadas,2
delicadeza,1
delicados,1
delícias,1
delinquentes,1
délio,2
delira,1
delis,1
delitos,1
delos,1
demanda,1
demandada,1
demandar,1
demandava,1
demande,1
demasia,1
demasiado,1
demo,1
demodoco,1
demónio,1
demónios,1
demos,4
denegrida,1
denodadas,1
denodado,2
densa,1
dentes,4
dentre,2
dentro,8
depois,60
deprava,2
depressa,4
der,2
dera,3
deram,4
deriva,1
derivada,1
derivado,1
derradeira,1
derradeiras,2
derradeiro,6
derradeiros,1
derrama,7
derramava,1
derramo,1
derredor,6
derriba,6
derribada,1
derribadas,1
derribado,1
derribando,1
derribar,1
derribaram,2
derribarem,1
derrogado,1
derrubálo,1
dês,2
desacordo,1
desafiaram,1
desafio,1
desafios,2
desalivaios,1
desamparados,1
desampararam,1
desamparos,1
desaparecem,1
desastres,1
desatam,2
desatina,1
desatinado,2
desbarata,5
desbaratada,1
desbaratadas,1
desbaratado,5
desbaratados,3
desbaratando,2
desbaratara,1
desbaratará,1
desbaratareis,1
desbaratarse,1
desbaratasses,1
desbaratava,1
descalços,1
desçam,1
descansa,2
descansado,4
descansar,4
descanso,3
descansos,2
desce,7
descem,1
descende,1
descendente,1
descendentes,4
descendeu,1
descendo,2
descer,5
descercada,1
descerei,1
desceu,2
desci,1
descia,2
desciam,1
descoberta,2
descoberto,12
descobir,1
descobre,7
descobres,1
descobria,1
descobridor,2
descobridores,2
descobrilaá,1
descobrimos,1
descobrindo,2
descobrir,6
descobriram,1
descobriu,3
desconcertados,2
desconcerte,1
desconcerto,1
desconfia,1
desconfiança,2
descontente,1
descontentes,1
desconto,1
descreve,1
descuidada,1
descuidadas,1
descuidado,3
descuidados,1
descuido,2
descuidos,2
desculpa,1
desculpado,1
desculpas,4
desculpasse,1
desde,4
desdita,1
desditosas,1
deseja,15
desejada,11
desejadas,3
desejado,2
desejados,1
desejais,1
desejála,1
desejam,3
desejando,1
desejar,1
desejaram,1
desejarse,1
desejas,2
desejasse,2
desejava,1
desejavam,1
desejei,1
desejo,22
desejos,7
desejosa,1
desejosas,1
desejoso,3
desejosos,1
desejou,1
desembarcamos,1
desembarcar,1
desembarcavam,1
desemparando,1
desengana,1
desengane,1
desenterra,1
deserdado,1
deserta,2
desesperação,1
desesperado,2
desesperados,1
desesperar,1
desesperarão,1
desfaça,1
desfaz,4
desfazendo,1
desfazer,1
desfezse,1
desfizessem,2
desfizeste,1
desforço,1
desfraldando,1
desgosto,2
desgostos,2
desigual,1
desistindo,1
desistirse,1
desleal,2
deslealdade,1
desmede,1
desmedida,2
desmedidas,1
desobedeça,1
desobediência,1
desocupar,1
desonesta,1
desonesto,2
desonra,3
desonrado,1
desonras,1
desordenados,2
despacho,6
despanto,1
desparzidas,1
desparzido,1
desparzidos,1
despede,3
despedia,1
despedida,1
despedido,1
despedimento,1
despejada,1
despejo,1
despendida,1
despertai,1
despertam,1
despertando,3
despertava,1
despertavam,1
despertos,1
despertou,1
despida,1
despidas,1
despidos,3
despir,2
despois,9
despojo,3
despovoe,1
despreza,4
desprezador,1
desprezei,1
desprezo,1
desprezou,1
desque,1
dessas,1
desse,14
desses,4
dessossegado,2
desta,50
destarte,7
destas,6
deste,30
destemperada,1
desterra,3
desterrado,1
desterrados,1
desterro,4
destes,17
destina,1
destinado,1
destinam,1
destinas,1
destino,6
destranho,1
destreza,1
destro,2
destroçada,1
destroçado,1
destros,3
destrue,1
destruição,2
destruída,2
destruído,4
destruídos,5
destruindo,1
destruir,2
destruirse,1
destruíssem,1
destruiu,1
desusada,3
desusados,1
desventura,4
desvia,1
desviado,1
desviam,1
desviavam,1
desvio,3
detêm,1
detença,1
detenha,3
detenho,1
deter,5
determina,11
determinação,2
determinadamente,1
determinado,5
determinados,1
determinam,2
determinas,1
determinava,2
determinavam,1
determinei,2
determino,1
deteve,1
detido,2
detinha,4
detivesse,2
detrás,3
detrimento,1
deu,11
deulha,1
deulhe,1
deus,53
deusa,21
deusas,6
deuses,31
deushomem,1
devassando,1
devastando,2
deve,10
deveis,1
devem,4
deves,1
devia,4
devias,1
devida,2
devido,2
devo,1
devoto,2
dexprimentados,1
dezessete,1
dhonras,1
dia,35
diabólico,2
diabólicos,1
diáfano,1
diamante,6
diana,5
diante,30
dias,12
difere,1
diferença,2
diferenças,1
diferente,2
diferentes,7
diferia,1
diferisse,1
difícil,1
dificultoso,1
diga,4
digna,1
dignas,1
dignidade,3
digno,6
digo,6
dilação,1
dilatais,1
dilatálo,1
dilatando,2
dilataram,1
dilatavam,1
diligência,2
diligente,10
diligentes,2
dilúvio,1
dimproviso,1
dina,8
dinas,1
dinheiro,6
dinheiros,1
dinis,2
dino,4
dio,4
diogo,2
diomedes,1
dione,4
dirá,4
direi,7
direita,5
direitas,1
direito,10
direitos,2
diria,1
disciplina,2
discórdia,1
discórdias,1
discorre,1
discorrendo,3
discreta,1
discretas,3
discreto,2
disforme,1
disformemente,1
dispensa,2
disposta,1
disposto,2
disse,32
disseas,1
disseó,1
disser,1
dissera,3
dissese,1
disso,3
dissonante,1
distinguindo,1
distinta,1
distintamente,1
disto,4
dita,4
dite,1
dito,7
ditos,1
ditosa,5
ditoso,8
ditosos,1
diversas,4
diverso,2
diversos,8
divícias,1
divide,2
dividia,2
divididos,1
dividindo,1
dividiu,1
divina,19
divinal,1
divinas,3
divino,12
divinos,1
divisa,4
divulgado,1
diz,23
dizei,1
dizeilhe,1
dizeimo,1
dizem,9
dizemlhe,2
dizendo,21
dizendolhe,1
dizendoó,1
dizer,8
dizerte,1
dizia,20
diziam,2
dizlhe,10
dizquando,1
do,606
dobrada,1
dobradas,2
dobrado,1
dobrarão,1
dobre,1
doce,33
docemente,1
doces,6
doença,2
doenças,1
dói,3
doido,1
dois,18
dom,14
doma,5
domada,1
domado,1
domadores,1
dome,2
doméstica,1
domésticas,1
domésticos,1
donas,1
donde,28
dono,3
donos,1
dons,6
donzela,5
donzelas,3
dor,4
dórcadas,1
doris,1
dóris,3
dorme,1
dormir,1
dormiram,1
dos,226
dostrinhos,1
dotados,1
dote,1
dourada,2
dourado,2
dourados,1
douro,14
dous,12
douta,1
douto,1
doutos,1
doutra,8
doutras,1
doutrem,2
doutrina,2
doutro,5
doutros,1
douvos,1
doze,12
droga,1
düa,4
duarte,1
duas,7
dum,25
duma,6
dumas,1
duque,7
dura,30
durar,1
durara,1
duras,5
dureza,1
duro,36
duros,13
duvida,1
dúvida,2
duvido,1
duvidosa,1
duvidosas,1
duvidoso,5
duvidosos,3
e,2171
é,159
è,1
eborenses,1
ebúrnea,1
ebúrneo,1
ebúrneos,1
eclesiástico,1
eco,1
ecos,1
edifica,2
edificada,2
edificados,1
edificamse,1
edificaram,2
edifício,3
edifícios,3
edificou,1
ef,2
efeito,6
efire,1
egas,6
egeu,1
egípcia,4
egípcio,2
egipto,2
egito,1
egrégia,1
eilos,1
eiras,1
eis,21
eito,2
eixos,1
ela,36
elas,10
ele,59
elegante,3
elegantes,1
elegem,1
elemento,2
elementos,3
eles,23
elísio,1
elmo,2
elmos,2
eloquência,1
eloquentes,2
elrei,1
elvas,2
em,515
emanuel,2
emátio,1
embaixada,3
embaixador,2
embaixadores,2
embandeirada,1
embandeirarse,1
embaraçado,1
embaraços,1
embarcação,3
embarcações,4
embarcar,1
embarcaram,1
embarcaria,1
embarcarmos,1
embarcava,1
embebe,1
embebidos,2
emboscaram,1
embraçado,1
emende,3
emódio,1
emparo,1
empecendo,1
empório,3
empregado,1
empregue,1
empresa,11
empresas,2
enamorado,1
encantador,2
encareçam,1
encarecidas,1
encarniçavam,1
encélado,1
encerra,5
encerrou,1
enche,3
enchem,1
enchemse,1
enchendo,3
enchentes,2
encheramme,1
encherão,1
enchese,1
encheste,1
enchia,1
encoberta,1
encobre,1
encobrem,1
encobrindo,1
encomendado,2
encomendam,1
encontra,2
encontro,1
encontros,1
encostados,1
encostase,1
encostavam,1
encovados,1
encrespa,1
encrespadas,1
encrespando,1
encruece,1
encurta,2
encurva,1
encurvadas,2
encurvado,1
endireita,1
endoudece,1
endurece,1
endurecida,1
endurecidos,1
eneias,7
enfermo,1
enfia,2
enfiado,2
enfim,65
enfraqueça,1
enfraquece,3
enfraquecido,1
enfreia,2
enfreias,1
engana,4
enganada,1
enganados,2
enganálos,2
enganas,1
enganava,1
engane,1
engano,28
enganos,11
enganosa,1
enganosas,1
enganoso,2
enganosos,1
enganou,1
engenho,12
engenhos,5
engolindo,1
engrandeça,1
engrandece,2
engrandecerse,1
engrandeceu,2
engrandecido,2
engrossa,1
engrossandose,1
engrossava,1
eníocos,1
enjeita,1
enjeitam,1
enleada,1
enlevado,1
enlevas,1
enleve,1
ennobrecido,1
enobrece,3
enobrecem,1
enobrecido,1
enobrecidos,1
enoja,1
enojosas,1
enquanto,28
enreda,1
enresta,1
enrolavam,1
enrouquecida,1
ensaia,1
ensaiados,1
ensaio,1
enseada,6
ensejo,1
ensífero,1
ensina,5
ensinam,1
ensinando,1
ensinar,1
ensinara,1
ensinasse,1
ensinava,1
ensinou,2
ensoberbece,1
entanto,5
então,25
enteado,1
entenda,4
entendam,2
entende,7
entendem,1
entendemos,1
entender,3
entendera,1
entenderam,1
entenderse,1
entendia,3
entendiam,1
entendido,3
entendidos,1
entendimento,2
entendo,1
enterra,1
enterramento,1
entesta,1
entra,10
entrada,3
entradas,1
entram,1
entramos,1
entrando,7
entranhas,9
entrar,2
entraram,3
entraremos,1
entraria,1
entrassem,1
entrava,5
entravam,4
entre,71
entrega,5
entregado,1
entregaivos,1
entregandolhe,1
entregar,1
entregarem,2
entregarse,2
entregava,1
entregavam,1
entres,1
entretanto,2
entristecido,1
entro,3
entrou,1
enveja,1
enverdecem,1
envolta,1
enxárcia,2
enxerga,5
enxergamos,1
enxergar,1
enxergaram,1
enxergarse,1
enxergase,1
enxergava,1
enxergavam,1
enxerido,1
enxuto,2
eoa,2
eolo,4
eoo,1
eôo,1
eousas,1
epicureia,1
epitéto,1
equóreos,1
era,51
eram,24
erguem,1
erguendo,1
erguerá,2
ergueu,1
erguia,2
erguida,2
erguido,3
erguidos,1
eriça,1
ericina,2
erimanto,1
erínis,1
eritreias,3
eritreu,2
erra,4
errada,1
errado,1
errante,1
errasse,1
erro,8
error,2
erros,2
erva,3
ervada,1
ervas,6
ervinhas,1
és,5
esbombardeia,1
escala,2
escandinávia,1
escapa,1
escapados,1
escapando,1
escapar,1
escaparem,1
escaparte,1
escapasse,1
escapavam,1
escapou,1
escarlata,1
escarnecia,1
escassa,1
escassos,1
esclarece,2
esclarecerse,1
esclarecido,2
esclarecidos,2
escolheu,1
escolhido,1
escolhidos,2
esconde,12
escondem,1
escondera,1
esconderse,1
escondeu,1
escondia,2
escondida,4
escondidas,1
escondido,2
escondidos,3
escrava,4
escravo,2
escreva,2
escrevam,1
escreve,3
escrevendo,1
escrever,1
escreverão,1
escrevessem,1
escrevo,1
escrito,2
escritores,1
escritura,3
escrituras,1
escudo,6
escudos,3
esculpida,2
esculpidas,1
esculpido,2
esculpidos,1
escultura,1
esculturas,1
escuma,2
escumando,1
escumas,1
escura,19
escuras,2
escureça,2
escurece,3
escurecem,1
escurecendo,1
escurecia,1
escuridade,1
escuro,9
escuros,1
escusa,1
escusar,1
escuse,1
escutando,1
escutaram,1
esfera,4
esforça,3
esforçado,2
esforçados,1
esforce,1
esforço,36
esfria,1
esmaltado,2
esmaltam,1
esmalte,2
espaço,10
espaçosa,1
espada,20
espadas,4
espalha,1
espalhadas,2
espalhado,3
espalhados,2
espalhar,1
espalhara,1
espalharei,1
espalhas,1
espalhe,1
espalhou,2
espanha,13
espanhóis,1
espanta,8
espantado,4
espantar,1
espantasse,1
espantes,1
espanto,10
espantoso,1
esparziam,1
esparziu,1
especial,2
especiaria,6
especularam,1
espedaçado,1
espedaçamse,1
espelho,3
espera,10
esperado,1
esperais,1
esperálo,1
esperam,3
esperamos,3
esperança,15
esperanças,5
esperando,2
esperar,2
esperará,1
esperarás,1
esperas,3
esperassem,1
esperava,11
esperavam,4
espere,1
esperem,4
esperes,2
espero,1
esperta,1
espertar,1
espessa,2
espessava,1
espesso,2
espessura,6
espingardas,2
espírito,9
espíritos,1
espora,1
esporas,1
esposa,3
esposas,6
esposo,1
esprito,1
espritos,1
espumantes,1
esquadra,1
esquadrão,2
esquadras,1
esquadrões,2
esquálida,1
esqueçam,2
esquece,1
esquecera,1
esquecerão,1
esqueceremse,1
esquecidos,2
esquecimento,4
esquerda,2
esquipar,1
esquisitos,1
esquiva,1
esquivo,1
essa,2
essas,3
esse,8
essência,2
esses,3
esta,72
está,74
estabelecem,2
estacada,1
estado,10
estados,2
estai,1
estais,5
estâmago,3
estamos,1
estanças,1
estandarte,1
estandartes,2
estando,12
estanho,1
estão,42
estar,14
estará,2
estarão,1
estarmos,1
estas,28
estás,1
estátua,1
estatura,3
estatutos,1
estava,49
estavam,14
estavas,1
estavase,1
estáveis,1
este,83
esteio,1
esteira,1
esteis,1
esteja,1
estelante,1
estelífero,1
estende,15
estendem,3
estender,3
estendera,2
estenderam,2
estendessem,1
estendeu,2
estendia,1
estéril,1
estes,25
esteve,5
estige,1
estígio,2
estila,1
estilo,4
estima,11
estimada,3
estimado,1
estimais,1
estimam,1
estimar,2
estime,1
estimem,1
estio,2
estipulantes,1
estiravam,1
estirpe,2
estiva,1
estiver,1
estocadas,1
estofam,1
estorva,1
estorvando,1
estorvar,2
estou,2
estoura,1
estouro,1
estoutra,1
estoutro,6
estrabo,1
estrados,1
estraga,1
estragado,1
estrago,5
estrangeiras,1
estrangeiro,2
estrangeiros,4
estranha,24
estranhamente,2
estranhas,5
estranheza,1
estranhezas,3
estranhíssimo,1
estranho,8
estranhos,5
estregando,1
estreita,4
estreitas,1
estreito,10
estreitos,1
estrela,8
estrelas,13
estremadas,1
estremado,1
estremadura,1
estremece,1
estrépito,1
estriba,1
estridentes,2
estridor,1
estrondo,2
estrui,3
estruídos,1
estudando,1
estudiosos,1
estudo,1
estupendo,4
estupro,1
etérea,3
etéreo,1
eterna,13
eternamente,3
eternas,1
eternidade,3
eterno,13
eternos,1
etíope,1
etíopes,2
etiópia,5
etiópica,1
etna,1
etóreo,1
eu,71
eufrates,1
euquem,1
eurídice,1
euristeu,1
europa,8
européias,1
euxínio,1
evidente,1
evidentes,1
evitálos,2
evitar,1
évora,1
exalçada,1
exalta,2
exaltas,1
exalte,1
excede,4
excedem,2
excedia,1
excelência,5
excelente,11
excelentes,9
excelsa,1
excessiva,1
excessivo,2
excessivos,2
executa,1
executado,1
exemplo,5
exemplos,3
exéquias,2
exercício,3
exercícios,2
exercita,2
exercitam,1
exercitando,2
exercitaram,1
exercitarse,1
exercitavam,1
exército,13
exércitos,4
exício,1
exime,1
exórdio,1
expedição,2
experiência,6
experiências,2
experimenta,2
experimentado,1
experimentados,1
experimentálo,2
experimentando,2
experimentara,1
experimentas,1
experimentava,1
experimente,1
experta,1
experto,4
exprimenta,1
exprimentado,2
exprimentados,2
exprimentara,1
extinto,1
extrema,6
extremo,7
extremos,3
f,16
fábio,1
fábrica,2
fabricada,1
fabricado,1
fabricados,1
fabricava,1
fabricou,1
fábulas,4
fabulosa,1
fabulosas,1
faça,5
façais,2
façam,3
façanhas,1
faças,1
façase,1
face,2
faces,2
fácil,2
facilmente,7
factôntea,1
facultade,1
facunda,1
facundo,5
fadado,2
fadiga,2
fadigas,3
fado,11
fados,6
faeton,2
faia,1
faina,3
fala,11
falam,1
falando,7
falar,2
fálaris,1
falarlhe,1
falava,1
falavam,1
fale,1
faleça,2
faleçam,1
falece,4
falecem,2
falecesse,1
faleceu,1
falerno,1
falo,3
falsa,7
falsas,1
falsidade,9
falso,15
falsos,3
falta,14
faltalhe,1
faltam,2
faltamlhe,1
faltaram,1
faltarão,1
faltavam,1
falte,2
fama,65
famas,4
famélicos,1
famintos,2
famosa,14
famosas,5
famosíssimo,1
famoso,12
famosos,6
fantasia,8
fantasiando,2
fantásticas,2
fará,18
farão,6
faraó,1
farás,3
farei,1
fareis,4
faria,5
farpões,1
fartar,1
fartou,1
fásis,1
fatal,5
fatídica,2
fato,1
favónio,1
favor,17
favoreça,1
favoreças,1
favorece,3
favorecei,1
favoreceios,1
favorecem,1
favorecido,1
favoreço,2
favores,2
favos,1
faz,60
fazei,2
fazem,22
fazemlhe,1
fazemos,1
fazenda,18
fazendas,3
fazendo,17
fazendoa,1
fazendoo,1
fazendose,5
fazer,24
fazerem,1
fazes,2
fazia,3
fé,12
feaces,1
febe,1
febeia,1
febo,7
fechado,1
fechando,1
fechar,1
fecunda,1
federico,1
feia,12
feias,4
feio,8
feios,1
feita,4
feitas,1
feito,21
feitores,10
feitos,33
feliz,2
fementido,1
feminil,2
feminina,1
feminino,1
fende,2
fendem,1
fenece,1
fénix,1
fera,18
feras,4
fere,6
feriam,2
ferida,4
feridade,2
feridas,7
ferido,8
feridos,5
ferimos,1
ferina,1
ferindo,3
ferir,4
ferirá,1
fermosas,2
fermosos,2
fernandes,1
fernando,10
fernão,2
fero,22
ferocidade,2
feros,10
feroz,6
ferozes,2
férrea,1
ferreiro,1
férreo,2
férreos,1
ferro,25
ferros,6
ferrugem,1
fértil,4
ferva,1
ferve,4
fervendo,1
fervendolhe,1
fervente,2
ferver,2
férvida,3
fervido,2
férvido,1
férvidos,2
fervor,1
festa,2
festas,4
festeja,3
festejasse,1
festejavam,1
fétido,1
fez,40
fia,4
fiado,2
fiança,1
fiarse,1
fiavam,1
fica,20
ficam,5
ficamlhe,1
ficar,5
ficara,3
ficaram,3
ficareis,1
ficarem,2
ficava,8
ficavam,1
ficavanos,1
fico,3
ficou,11
ficoulhe,1
fidelidade,2
fido,3
fiei,1
fiel,4
figura,6
figuras,5
filáucia,2
filha,18
filhas,9
filhinhos,1
filho,60
filhos,23
filípicos,1
filipo,2
filomela,1
filósofo,1
filósofos,1
fim,22
fina,8
finalmente,3
finas,3
finezas,1
fingia,2
fingiam,1
fingida,1
fingidas,2
fingido,4
fingidos,3
fingimento,2
fingindo,2
fingiu,1
finjam,1
fino,8
finos,1
fins,2
fio,6
fios,5
fiou,1
fique,2
fiquei,1
firmar,2
firme,15
firmemente,2
firmeza,3
fixo,1
fizemos,1
fizer,3
fizera,1
fizeram,12
fizerem,1
fizessem,3
fizeste,1
fizestes,1
flama,4
flamas,8
flautas,1
flava,1
flegon,1
flor,3
flora,4
florece,1
flores,15
floresça,1
floresce,1
florescente,3
florescia,2
floresta,3
florestas,1
floridas,1
flutuava,2
focas,1
foge,11
fogem,1
foges,1
fogo,38
fogos,1
foi,122
foilhe,1
folgado,1
folgarás,1
folha,1
folhas,2
fome,3
fomes,4
fomos,2
fonte,8
fontes,6
for,13
fora,39
foram,33
força,53
forçada,1
forçado,4
forçando,1
forçar,1
forças,18
forçosas,1
forçoso,3
forçosos,2
fôreis,1
forem,1
forjado,1
forjavam,2
forjou,1
forma,8
formais,1
formas,1
formião,1
formigas,1
formosa,24
formosas,12
formosíssima,1
formoso,6
formosos,6
formosura,6
fortaleza,6
fortalezas,4
forte,78
fortes,20
fortíssima,3
fortíssimamente,1
fortíssimo,4
fortíssimos,3
fortuna,19
fortunadas,1
fosse,19
fossem,5
foste,2
fota,1
foz,1
fraca,9
fracas,1
fraco,12
fracos,3
frágoas,2
fragoso,1
fralda,2
fraldas,1
frança,5
francês,1
francesa,1
franceses,1
francisco,1
frandes,3
fraqueza,6
fraterno,1
fraudulenta,1
fraudulento,1
frauta,1
frechas,1
frecheiro,4
freio,6
freios,2
freme,1
frequentam,2
frequentes,1
fresca,7
frescas,2
fresco,3
frescura,1
fria,18
frias,5
frígios,1
frio,21
frios,3
frondente,1
frondentes,1
fronte,14
fronteira,2
frota,27
frotas,2
frutas,2
fruto,5
fuas,2
fugace,1
fuge,4
fugi,1
fugia,1
fugida,3
fugidos,1
fugindo,7
fugir,3
fugiram,1
fugirlhe,1
fugirme,1
fugitiva,1
fugiu,2
fui,7
fuja,1
fujas,1
fulgente,1
fulgentes,1
fulminantes,1
fúlvia,1
fulvo,1
fumo,3
fumos,1
funda,2
fundada,4
fundamento,1
fundas,3
fundido,1
fundo,12
funéreo,1
fúria,12
fúrias,4
furibunda,1
furibundas,1
furibundo,2
furiosa,3
furiosas,1
furioso,4
furiosos,4
furor,12
furores,1
furtado,1
furtara,1
futuras,1
futuro,3
futuros,5
fuzilando,1
gabelo,1
gaditano,1
gado,8
galardão,1
galateia,1
galego,1
galegos,2
galerno,1
galero,1
galés,3
galgos,2
gália,2
galinhas,2
galo,1
galos,1
gama,54
gambeia,1
gamos,1
gange,3
ganges,5
gangética,1
gangéticas,1
gangético,2
gangéticos,1
ganha,3
ganhála,1
ganhando,1
ganhar,1
ganhara,3
ganharam,2
ganhaste,1
ganhei,1
ganhou,1
garcenha,1
garganta,2
gasalhado,1
gastadas,1
gastadores,1
gastam,2
gastando,1
gastar,1
gaste,2
gate,1
gávea,2
gáveas,1
gazela,1
gedrosia,1
geladas,1
gelado,4
gelados,2
gelanda,1
gemas,1
geme,5
gemerem,1
genealogia,1
gênero,1
generosa,3
generosas,1
generoso,5
generosos,3
gengivas,1
génio,2
genitais,1
genro,2
gente,226
gentes,53
gentil,6
gentílico,1
gentio,23
gentios,3
gentis,4
geolhos,1
georgianos,1
gera,1
geração,15
gerado,1
gerados,1
gerais,1
geral,2
geralmente,2
geram,1
gerara,2
germânia,1
germânica,1
germânico,1
germano,2
germanos,1
gerou,1
gerum,1
gesto,30
gestos,2
gibão,1
gidá,3
gigante,3
giganteia,2
gigantes,3
gil,1
ginete,2
giolhos,3
giraldo,2
giros,2
giruna,1
glafira,1
globo,2
gloria,1
glória,37
gloriai,1
glórias,1
gloriosa,2
gloriosas,5
glorioso,2
gloriosos,2
gnido,1
goa,2
goadiana,2
gólfão,1
golpe,2
golpes,7
gonçalo,1
gordo,1
gorra,2
gosta,1
gostando,1
gostaram,1
gosto,10
gostos,1
gostosa,1
gostosas,1
gotas,1
gotfredo,1
gótica,1
governa,5
governador,2
governança,1
governar,1
governará,1
governasse,1
governava,2
governavam,2
governo,3
governou,1
grã,17
graça,1
graças,3
graciosa,1
gramíneo,1
granada,3
granadil,1
grande,131
grandemente,4
grandes,52
grandeza,3
grandíloqua,1
grandíloquo,1
grandíssima,5
grandíssimo,3
grandíssimos,1
grandura,1
grão,23
grato,2
graus,1
grave,6
graves,2
gravíssimos,2
grécia,3
grega,3
grego,1
gregos,5
grémio,1
grêmio,1
grevas,1
grinaldas,2
grita,8
gritando,4
gritar,1
gritava,1
grito,1
gritos,6
grossa,1
grosso,3
guadalquibir,1
guadiana,2
guarda,9
guardada,1
guardado,4
guardadora,1
guardaivos,1
guardalhe,1
guardálo,1
guardando,3
guardará,1
guardaras,1
guardarse,1
guardaste,1
guardava,1
guardavam,2
guarde,2
guardese,2
guardo,1
guarnecida,2
guarnecido,2
guarnecidos,1
guedelha,1
gueos,1
guerra,50
guerras,12
guerreira,2
guerreiras,4
guerreiro,3
guerreiros,2
guia,7
guiada,1
guiador,1
guiados,1
guiar,1
guiara,1
guiasse,1
guiava,1
guiavam,1
guido,2
guimarães,2
guiou,2
guipúscua,1
guzarates,1
há,36
habita,2
habitadores,1
habitais,1
habitála,1
habitam,3
habitamos,1
habitando,1
habitantes,1
habitava,1
habitavam,2
hábito,2
habitou,1
háde,7
haja,3
hajam,1
hão,5
hãode,1
harpas,1
harpias,2
hás,1
háse,1
hástia,2
havendo,3
havendoo,1
haver,6
haverá,5
haveria,1
havia,9
haviam,1
havida,1
havidas,1
hebréia,1
hebréio,1
hei,3
heitor,2
hele,2
helena,1
helesponto,1
helicona,1
heliogabalo,1
hemisfério,6
hemo,1
henrique,5
henriques,1
hera,1
herança,1
herculanas,2
herculano,1
hercúleas,1
hércules,1
herdaste,1
herdeira,1
herdeiro,4
heresias,1
hermo,1
herói,2
heróica,1
heróicos,1
heróis,3
heróstrato,1
hespéria,4
hespérico,1
hespéridas,1
hespérides,1
hespério,1
hi,1
hiacintinas,1
hidra,2
hierosólima,3
himeneu,1
hiperbóreos,1
hiperiónio,1
hipocrisia,2
hipoerene,1
hipótades,1
hircínia,1
hirsuta,1
hispálico,1
hispana,3
hispano,4
hispanos,1
história,6
histórias,4
hocém,1
homem,4
homenagem,1
homens,12
homero,2
homeros,1
homicidas,1
honesta,3
honesto,4
honra,9
honrada,1
honrado,1
honrados,1
honras,12
honrassem,1
honrosa,1
honroso,4
honrou,1
hora,2
horas,4
horizonte,4
horrenda,3
horrendo,15
horrendos,2
hórrida,1
hórridos,2
horrífica,1
horrífico,1
horríficos,1
horríssonas,1
horríssono,1
hospedava,1
hóspedes,2
hospício,2
hospícios,1
hospitais,1
houve,6
houvemos,1
houver,2
houvera,3
houveram,3
houvesse,1
humana,20
humanamente,2
humanas,5
humanidade,7
humano,25
humanos,11
húmidas,1
húmido,1
humildade,2
humilde,4
humildes,1
humilha,2
humílima,1
humor,1
huno,1
ia,4
iam,3
iamse,1
iase,1
iaz,1
ibéria,1
iberinas,1
ibero,1
idade,19
idálios,2
idaspe,2
idáspicos,1
idea,1
ideias,1
idolatra,3
idolátras,1
idololatra,1
ídolos,3
idónea,1
idóneas,2
ieda,1
ignavo,1
ígneos,1
ignorante,2
ignorantes,2
ignota,1
ignoto,1
igreja,2
iguais,2
igual,8
iguala,5
igualálos,2
igualam,1
igualava,2
igualavam,1
iguale,1
iguarias,1
ilha,41
ilhas,14
ilhéu,2
ilíricos,1
ilude,2
ilustrada,1
ilustrado,2
ilustram,1
ilustrar,1
ilustraram,1
ilustrasse,2
ilustre,42
ilustres,10
ilustríssima,2
ilustríssimas,1
ilustríssimo,1
ilustro,2
ilustrou,1
imagem,1
imagina,8
imaginações,1
imaginado,1
imaginai,1
imaginando,2
imaginar,1
imaginaram,1
imaginarse,1
imaginava,1
imaginem,1
imbeles,1
imensa,2
imenso,5
imiga,1
imigas,1
imigos,4
imitam,2
imitando,5
imitar,2
imitava,1
imolava,1
imortais,7
imortal,5
imortalidades,1
imos,3
imoto,1
imotos,1
imóvel,2
impeça,2
impeças,1
impede,1
impedem,1
impedido,3
impedimento,1
impedira,1
impedirse,1
impele,1
imperador,3
imperial,1
império,13
impérios,1
ímpeto,3
impetuosos,1
implacável,1
imploramos,1
importuna,1
importuno,1
impossíbil,1
impossibilidades,1
impossível,3
imprima,1
imprudente,1
imprudentes,1
impudico,1
imundas,1
imundo,1
inabitada,1
incansábil,1
incautamente,1
incautas,1
incauto,1
incautos,1
incendidas,2
incêndios,3
incerta,3
incertas,1
incerto,5
incesto,2
inchando,2
incharam,1
incita,2
incitado,1
incitando,2
incitava,1
incitavam,1
inclina,3
inclinação,1
inclinada,1
inclinado,2
inclinai,1
inclinam,2
inclinando,2
inclinaram,1
inclinava,2
inclinavam,1
inclita,1
ínclita,1
ínclitas,2
ínclito,1
ínclitos,2
incógnita,4
incógnitas,1
incógnito,2
incógnitos,2
íncolas,1
inconcesso,1
inconstantes,1
incontinência,4
incontinente,1
inculta,1
inda,27
índia,30
indianas,2
indianos,1
índica,1
indicas,1
indícios,1
índico,4
indígetes,1
indigna,1
indignada,1
indignadas,1
indignado,1
indignados,1
indignamente,1
indigne,1
indigno,1
indina,2
indinadas,1
indinado,1
indinados,1
indino,3
indiscreta,1
indo,13
indómito,1
indómitos,1
indústria,3
industriosas,1
induzidos,1
inerme,1
inerte,3
inês,5
inexplicáveis,1
inexpugnábil,2
infamado,1
infamados,1
infame,4
infames,1
infâmia,3
infando,1
infantaria,1
infante,1
infantes,2
infernais,4
infernal,1
inferno,4
infesta,1
inficionava,1
infidas,1
infiéis,8
infiel,1
infinita,2
infinitas,1
infinito,2
infinitos,1
inflama,1
inflamado,1
inflamados,1
inflamava,1
influência,2
influía,1
influição,2
influirá,2
influiu,2
influxo,1
informa,2
informação,2
informações,1
informado,1
informandose,1
informar,1
informara,1
informarte,1
informava,1
informe,1
ingente,7
inglaterra,6
inglês,4
inglesa,3
inglesas,1
ingleses,3
inico,3
inicos,1
inieo,1
inimicícia,1
inimicícias,1
inimiga,10
inimigas,3
inimigo,20
inimigos,30
iníqua,4
injúria,6
injuriada,1
injuriado,3
injuriando,1
injúrias,4
injusta,2
injusto,4
injustos,1
inocência,3
inocentes,1
inópia,1
inopinado,3
inquieta,4
inquietação,1
inquietas,3
inquieto,2
insana,6
insânia,3
insano,4
insensíbil,1
insídias,3
insigne,1
insígnia,1
insígnias,2
insiste,2
insistindo,1
insofríbil,1
insofridas,1
insolências,1
insolente,1
insolentes,1
inspira,1
inspirado,2
inspirava,1
instância,1
instante,5
instituído,1
instituíram,1
instructo,2
instruído,1
instrumento,6
instrumentos,4
instumentos,1
ínsula,3
integridade,2
inteira,6
inteiro,6
inteiros,2
intentado,1
intento,5
intentos,1
interesse,8
interna,1
interno,2
interpondo,1
interpreta,4
interpretando,1
intérprete,1
intervalo,1
intestina,1
intestinas,1
íntimas,1
intitula,1
intitulado,1
intonsa,1
intrépido,1
intrínseco,2
inumanas,1
inumanos,5
inúmeros,1
inundo,5
inusitado,1
inveja,5
invejas,1
invejoso,1
invenção,1
invencível,1
invenções,1
inventa,1
inventadas,1
inventando,1
inventará,1
inventaram,1
inventava,1
inventavam,1
inventor,1
inverno,3
invernos,1
invicto,3
ínvisíbil,1
invisível,1
invoca,1
invocado,1
invocados,1
invoco,2
iopas,1
ios,1
ir,21
ira,17
irá,5
irada,2
iradamente,1
irado,19
irão,3
iras,2
irdes,1
irei,2
ireis,1
ires,1
irmã,4
irmão,8
irmãos,6
irmãs,3
irosa,1
iroso,6
irosos,1
irse,2
is,1
ismael,1
ismaelita,4
ismar,1
israel,2
isso,14
isto,38
istro,1
ítaco,1
itália,4
italianos,1
itálico,2
ítalos,1
já,314
jacente,1
jactante,1
jacto,1
jaezados,1
jaezes,1
jalofo,1
jamais,1
janelas,1
jano,1
japão,1
jápeto,1
jardins,1
jasmins,1
jaus,1
jaz,7
jazem,2
jeito,10
jejuns,2
jesu,1
joane,12
joão,2
jocunda,1
jocundas,2
jocundo,2
jogo,2
jogos,3
jóias,1
jordão,1
jove,1
juba,1
judaico,2
judeia,5
judita,1
jugo,13
juiz,2
juízo,12
juízos,6
julga,4
julgados,1
julgálo,1
julgam,1
julgando,2
julgar,2
julgareis,1
julgares,1
julgaria,1
julgas,1
julgavam,1
julgueo,1
juliana,1
júlio,1
juno,2
juntamente,18
juntas,5
junto,21
juntos,4
júpiter,10
jura,1
jurado,1
jurem,1
juro,1
justa,10
justas,1
justiça,8
justiçoso,1
justo,9
juvenil,1
la,2
lá,67
lã,1
lacedemónios,1
lácia,1
laço,2
laços,4
lácteas,1
lácteo,1
lado,3
ladrão,2
ladrões,1
lageia,1
lago,8
lagosta,1
lágrimas,20
lama,2
lâminas,1
lamo,1
lâmpada,1
lampécia,1
lampetusa,1
lança,17
lançadas,1
lançam,2
lançando,2
lançaram,1
lançarlhe,1
lanças,11
lançavam,3
lancem,1
lançou,1
landroal,1
lanígeros,1
laos,1
lápia,1
lara,1
laranjeira,1
lares,1
larga,14
largam,1
largamente,3
largo,24
largos,6
larisséia,1
lasciva,1
lascivas,1
lascivos,2
lassa,5
lasso,2
lassos,2
latina,1
latindo,2
latona,3
latrocínios,1
lava,9
lavada,1
lavam,2
lavarse,1
lavavam,1
lavor,1
lavrada,1
lavradas,1
lavrador,1
lavradores,1
lavram,1
lavrando,1
lavrava,1
leais,4
leal,4
lealdade,5
leão,3
lebre,2
leda,11
ledas,2
ledo,19
ledos,7
legislador,1
lei,34
leiria,2
leis,14
leito,4
leitos,4
lembranças,1
lembrandose,1
lembrar,1
lembrara,2
leme,6
lenha,2
lenho,6
lenhos,2
lenta,2
lentas,1
lento,2
lentos,1
leoa,2
leões,1
leonardo,2
leoneses,1
lépido,1
leteia,1
letra,2
letras,4
leucate,1
leucotoe,1
leva,23
levado,3
levam,4
levamos,1
levando,11
levandoa,1
levanta,4
levantado,1
levantados,1
levantaios,1
levantam,1
levantando,1
levantaram,1
levantarse,2
levantava,1
levantavam,1
levante,2
levantou,2
levar,7
levará,1
levaram,3
levarão,1
levarás,1
levas,2
levasme,1
levasse,2
levassem,1
levava,11
levavam,3
leve,23
levem,1
levemente,4
levemos,1
leves,1
levou,1
lha,5
lhas,2
lhe,336
lhes,5
lho,6
lhos,5
lia,3
lianor,2
lião,3
liara,1
liberal,2
liberalidade,1
liberdade,5
liberta,1
libertadores,1
libertando,1
líbia,2
libitina,1
licença,6
lícia,1
licor,8
lídia,1
lieo,1
lieu,2
ligados,2
ligeiras,4
ligeireza,1
ligeiro,5
lima,1
limitado,2
limite,2
limites,1
limões,1
limos,2
limpa,4
límpidas,1
limpos,2
linces,1
linda,9
lindas,1
lindo,4
língua,12
linguagem,2
línguas,2
linha,3
liões,2
lionês,1
lioneses,2
líquido,3
lira,5
lírio,1
lírios,2
lisa,2
lisas,1
lisboa,9
lisonge,1
lisonja,1
lisonjeiros,1
listrados,1
livónios,1
livrado,2
livrar,1
livrarmos,1
livrarse,2
livraste,1
livre,5
livremente,2
livres,2
livro,2
livros,2
logo,65
logoó,1
logra,2
lograda,1
logram,1
logramos,1
lograr,3
lograsse,1
loira,1
loiro,1
londres,1
longa,9
longamente,6
longas,2
longe,43
longínquo,2
longínquos,1
longo,22
longos,13
longura,1
lopes,1
lotaríngia,1
loto,1
loureiros,1
lourenço,4
louro,10
louros,1
louva,4
louvada,1
louvado,1
louvam,1
louvar,4
louvarei,2
louvavam,1
louve,1
louvem,1
louvemos,1
louvor,8
louvores,4
lua,5
lúcido,2
lugar,8
lugares,5
luís,1
lulas,1
lume,8
lumes,1
luminosa,1
luminosas,1
luminoso,3
lusitana,16
lusitanas,3
lusitânia,6
lusitânicas,2
lusitano,25
lusitanos,18
luso,16
lusos,1
lustra,1
lustram,1
lustre,2
lustrosa,2
lustrosas,1
lustrosos,1
lutavam,1
luz,23
luzem,1
luzente,8
luzentes,3
má,13
maçãs,1
macedónia,1
macedónio,1
macias,1
maçuá,1
madagáscar,1
madeira,1
madeiro,4
madeiros,1
madre,3
maduros,1
mãe,23
mães,5
mafamede,4
mafoma,1
mafra,1
magalhães,1
magas,2
mágica,2
magis,1
magnânimas,2
magnânimo,1
magnificência,1
magno,2
magnos,1
magoa,1
mágoa,6
magoada,2
magoadas,1
magoado,1
magoam,1
magoarmos,1
mágoas,3
magoava,1
magos,1
magriço,6
mahamede,3
mahoma,1
mahometa,4
mahomético,1
maia,1
maio,1
maior,17
maiores,2
mais,282
majestade,4
mal,66
malabar,9
malabares,7
malaca,3
malaios,1
maldade,2
maldição,1
maldita,1
maldito,1
maldiva,1
maldizendo,1
maldizia,1
malefícios,1
males,1
malévolo,1
malha,2
malhas,3
malícia,9
maligna,2
malina,3
malino,2
mallomético,1
maltratada,1
maltratado,1
maluco,2
malvada,1
malvado,2
mamelucos,1
man,1
mana,2
manadas,1
manando,2
manava,1
manavam,1
manceba,1
mancebo,11
mancebos,3
manda,49
mandada,2
mandado,8
mandados,6
mandalhe,2
mandálos,1
mandam,4
mandar,9
mandara,4
mandarei,1
mandaria,1
mandas,2
mandasme,2
mandasse,4
mandava,11
mande,12
mandes,2
mandinga,1
mando,8
mandoo,1
mandos,2
mandou,3
maneira,16
maneiras,1
mangas,1
manha,17
manhã,4
manhas,5
manhoso,2
manifesta,2
manifestaram,1
manifesto,1
manjar,4
manjares,5
manjarona,1
mansa,2
mansamente,3
manso,6
mantêm,1
mantendo,1
mantimento,9
mantimentos,1
manto,3
mantuana,1
manuel,3
mão,27
mãos,18
máquina,1
máquinas,1
maquinava,1
maquinavam,2
mar,182
maratónios,1
maravilha,6
maravilhado,2
maravilhados,1
maravilhando,1
maravilhas,4
marcelo,1
marchetada,1
marchetadas,1
marchetado,1
marchetados,1
márcio,2
marco,1
marcomanos,1
marços,1
mareiam,1
mares,26
maria,3
marido,6
maridos,5
marinheiro,2
marinheiros,6
mário,2
marítima,5
marítimas,2
marítimo,2
marítimos,1
marlotas,1
marrocos,3
marte,22
martim,1
martins,1
mártire,1
mártires,1
mas,281
mascarenhas,1
massa,3
massília,2
mastigam,1
masto,3
mata,13
matadores,1
matálo,1
matam,3
matando,3
matar,4
mataram,2
matarem,1
matéria,6
maternal,1
mateus,1
mato,4
matos,1
matou,3
matutina,1
matutinas,1
mau,7
maumetana,3
maumetanos,7
maura,9
mauritana,1
mauritanas,2
mauritânia,1
mauritano,4
mauro,7
maus,4
mavórcios,1
mavorte,5
mazcate,1
me,89
meca,9
mecom,1
medeia,1
medicina,2
médico,1
medida,2
medina,1
mediterrano,2
medo,18
medonha,2
medonho,3
medonhos,2
medos,4
medrosas,1
medroso,5
medusa,3
meia,3
meio,14
meios,4
mel,1
melcíades,1
melhor,17
melhores,7
melindana,2
melindano,3
melindanos,1
melinde,6
melique,2
melodia,2
mem,2
membros,9
membrudo,1
memorado,1
memoraram,1
memoráveis,2
memória,23
memórias,4
menão,1
meneando,1
menear,1
meneses,2
mênfis,1
menfítico,1
menina,2
menino,4
meninos,4
menon,1
menónio,1
menor,1
menores,2
menos,38
mensageira,2
mensageiras,1
mensageiro,9
mensageiros,1
mensagem,1
mente,8
mentia,2
mentiam,1
mentir,2
mentira,1
mentirosa,1
mentirosas,1
meotis,1
mercadores,4
mercadoria,4
mercadorias,1
mercê,2
mercês,3
mercúrio,4
mereça,2
merece,6
merecêlos,1
merecem,1
merecer,3
mereceram,1
merecerem,1
merecesse,1
mereceste,1
merecia,2
merecida,1
merecidas,1
merecido,1
merecidos,1
merecimento,1
merecimentos,1
merencório,1
merque,1
mês,2
mesa,2
mesas,2
meses,1
mesma,5
mesmas,2
mesmo,8
mesquinha,3
messo,1
mesta,1
mestra,2
mestre,9
meta,7
metade,1
metais,1
metal,7
mete,2
metemos,2
meterem,1
metida,1
meu,19
meus,18
mi,7
mil,45
milagre,6
milagres,1
milagroso,1
milhores,1
milícia,1
militar,4
militara,1
mim,10
mimosa,2
mimoso,1
mimosos,2
mina,2
minas,2
míncio,1
minerva,2
minha,25
minhas,7
minho,1
mínias,2
ministro,1
ministros,4
mir,1
miraculoso,1
miralmomini,2
mirtos,1
mísera,5
miseranda,1
miserando,6
miséria,3
misérias,1
mísero,1
míseros,4
misérrima,1
misilhões,1
mistura,3
misturada,1
misturado,1
misturar,1
mitiga,1
miúda,1
miúdas,1
miúdo,1
mo,1
moça,3
moçambique,6
moças,2
mocidade,2
moço,14
moços,3
moderava,1
moderno,2
modesto,1
modo,11
modos,5
modulando,2
mofina,1
mole,3
moles,2
molesta,1
molestados,2
molestava,1
molesto,3
molhados,1
molhe,1
moloso,1
mombaça,7
momento,6
monarquia,1
monçaide,10
mondarse,2
mondego,4
mondeo,1
moniz,3
monstro,1
monstros,2
montanha,4
montanhas,1
monte,15
montes,23
monto,1
mor,3
mora,5
morada,1
morador,3
moradoras,1
moradores,7
morais,1
moram,1
moravam,1
mores,2
morfeu,1
morre,8
morrem,2
morrendo,1
morrer,4
morreram,2
morri,1
morro,1
morta,3
mortais,4
mortal,1
mortandade,1
mortas,1
morte,47
mortes,7
mortífero,2
morto,7
mortos,13
moscóvia,1
moseos,1
mosto,1
mostra,19
mostrada,1
mostradas,1
mostrado,3
mostram,3
mostrando,8
mostrandolhe,1
mostrandose,4
mostrar,6
mostrara,4
mostrará,1
mostraram,5
mostrarem,1
mostrarlhe,3
mostrarse,1
mostras,9
mostrase,1
mostrasse,1
mostrava,8
mostravam,4
mostrou,4
moura,2
mouro,51
mouros,45
mova,1
movate,1
movavos,1
move,5
movem,2
movendo,1
movera,1
moveram,1
moverdes,1
movervos,1
moveu,6
movia,2
moviam,1
movido,5
movidos,2
movimento,6
movimentos,1
muda,7
mudadas,1
mudado,1
mudança,1
mudanças,1
mudando,1
mudar,1
mudarás,1
mudarmos,1
mudaste,1
mude,1
mudo,2
mui,25
muita,6
muitas,15
muito,59
muitos,27
mulher,6
mulheres,7
multidão,6
multiplica,1
muluca,1
mundo,93
mundos,2
munições,2
munidas,2
murchada,1
múrice,1
murmura,1
murmurando,4
murmurar,1
muro,9
muros,17
musa,3
musas,7
musgo,1
música,1
músicos,1
na,249
nabateias,1
nabatêos,1
nação,7
nace,2
naceram,1
naceste,1
nacido,1
nações,8
nada,16
nadando,2
nadantes,1
nadar,1
nado,4
nágua,6
naiades,1
naira,1
naire,1
naires,6
nalgum,2
namorada,2
namoradas,3
namorado,3
namorados,3
namorar,1
namorava,1
não,596
nápoles,1
naquela,4
naquele,7
naqueles,3
narizes,1
narração,1
narsinga,3
nas,83
nasce,10
nascem,5
nascemos,1
nascendo,2
nascerem,1
nasceu,2
nasci,2
nascida,2
nascido,5
nascidos,4
nascimento,3
natura,9
naturais,10
natural,8
natureza,11
nau,15
naufrágio,2
naufrágios,2
naus,57
nautas,2
náutica,1
náutico,1
navarra,1
navarro,1
navega,2
navegação,3
navegações,2
navegado,2
navegados,2
navegais,2
navegam,3
navegamos,5
navegando,7
navegante,4
navegantes,8
navegar,3
navegaram,2
navegarem,1
navegava,1
navegavam,2
navego,1
navegou,1
navios,2
necessária,2
necessário,3
necessidade,7
néctar,1
nefanda,1
nefando,8
nega,4
negaça,1
negada,1
negam,1
negando,1
negar,1
negarão,1
negava,1
nego,3
negócio,3
negócios,2
negra,9
negras,1
negro,12
negros,7
negue,3
nela,17
nelas,10
nele,12
neles,6
nem,85
nemeio,1
némesis,1
nenhum,39
nenhuma,7
neptuninas,1
neptunino,1
neptuno,7
nereidas,3
nereu,7
nerine,1
nero,1
néscio,3
nesse,4
nesses,1
nesta,18
nestas,7
neste,30
nestes,1
nestoutra,2
neto,2
netos,1
netunina,1
netunino,2
netuno,13
neve,7
neves,1
nicolau,2
nilo,6
nilóticas,1
ninfa,15
ninfas,21
ninguém,10
ninho,9
nino,1
niquícia,1
nisa,2
nise,1
nisso,2
nisto,14
nítidas,2
níveo,1
no,314
nó,1
nô,2
nobre,36
nobremente,1
nobres,14
nobreza,5
noda,3
noé,1
noite,15
noites,1
nojo,2
nojosa,2
nolo,1
nome,65
nomeada,5
nomeado,3
nomeia,5
nomeou,1
nomes,7
nono,3
noronha,1
norte,3
noruega,1
nos,143
nós,30
nossa,11
nossas,3
nosso,10
nossos,14
nota,4
notado,1
notando,1
notaram,1
notarás,1
notas,1
notava,2
notáveis,2
notável,1
note,2
notem,1
notícia,6
notifique,1
noto,7
notório,1
notou,2
noturna,1
noturnas,2
noturno,1
noutra,8
noutras,1
noutro,5
nova,24
novamente,1
novas,18
noventa,1
noviço,1
novidade,2
novo,30
novos,13
noz,3
nu,3
nua,8
nüa,1
nuas,4
num,28
numa,9
numerados,1
número,3
numerosos,2
nunca,78
nuno,9
nuns,2
nus,3
nuvem,7
nuvens,7
o,1853
ó,75
obedece,10
obedeceis,1
obedecem,1
obedecendo,2
obedecer,2
obedeceram,1
obedeces,1
obedecesse,1
obedeceste,1
obedeceu,3
obedecia,1
obedecido,3
obediência,5
obediente,7
obedientes,3
óbidos,1
objeto,1
obra,2
obrado,1
obrar,1
obras,24
obriga,13
obrigação,5
obrigado,3
obrigados,2
obrigava,4
obrigo,1
obrou,1
obsequente,1
observam,1
observantes,1
observar,1
obumbrava,1
ocasião,1
oceano,23
ocidentais,2
ocidental,1
ocidente,4
ócio,4
ociosa,2
ocioso,1
ociosos,1
octaviano,1
octávio,1
oculta,2
oculto,3
ocultos,1
ocupa,2
ocupado,3
ocupados,1
ocupando,1
ocupou,1
ódio,8
ódios,3
odioso,3
odorífera,1
odoríferas,1
odoríferos,5
odres,1
ofenda,1
ofende,5
ofendem,1
ofender,1
ofendidos,1
ofensas,1
ofereça,2
oferece,8
oferecer,1
oferecerse,1
oferecia,1
oferecidas,1
oferecido,3
oferecimentos,1
ofereço,2
ofertas,1
ofício,7
ofícios,3
ofir,1
ogígia,1
oh,1
oitava,1
oitavo,1
oja,1
óleo,1
olha,26
olhados,2
olhai,6
olhais,1
olhando,4
olhar,4
olhara,1
olho,2
olhos,47
olímpica,1
olimpo,9
oliveira,1
ombros,5
onças,1
ondas,39
onde,176
ondeadas,1
ondeam,1
ondeando,1
ônfale,1
onipotente,4
onze,5
opinião,4
oportuno,1
opressões,4
oprimido,2
oprimidos,1
oprimir,1
opróbrios,1
opulenta,2
opuseram,1
ora,12
orando,2
orava,1
orça,1
ordem,3
ordena,8
ordenação,1
ordenada,2
ordenando,2
ordenara,2
ordenassem,1
ordenaste,1
ordenava,4
ordenavam,1
ordene,2
ordens,3
orelha,1
orelhas,2
orfandade,1
órfão,1
orfeio,1
orfeu,1
orgulho,1
oriás,1
orientais,2
oriental,6
oriente,18
oriento,1
origem,1
orionte,1
oritia,1
orixa,1
orlando,1
ormuz,3
ornada,3
ornado,1
ornados,1
ornam,1
ornou,1
orvalho,2
os,725
ossos,6
ostras,1
otomano,2
ou,123
ouçam,1
ouço,1
ourique,1
ouro,28
ousada,4
ousadamente,4
ousadia,12
ousadias,2
ousado,4
ousados,2
ousas,1
ousou,3
outeiro,2
outeiros,7
outono,1
outra,34
outras,31
outrem,9
outro,67
outros,60
ouve,1
ouvi,2
ouvia,1
ouvida,1
ouvido,6
ouvidos,2
ouvilo,2
ouvimos,1
ouvindo,7
ouvir,6
ouvireis,2
ouvirem,1
ouvirme,1
ouvirte,1
ouviste,1
ouvistes,1
ouviu,2
ouviulhe,1
ouviuo,2
ovante,1
ovelha,1
ovelhas,1
pacheco,5
paciente,1
pacífica,1
pacífico,1
paços,13
pactolo,1
pactos,2
padeçam,1
padecendo,1
padeceu,2
pado,1
padrão,1
padrasto,1
padre,18
páfia,1
pafos,1
paga,1
pagado,1
pagão,2
pagar,1
pagará,1
pagaram,2
pagassem,1
pago,5
pague,2
pai,21
paio,1
pais,7
palas,3
palavra,3
palavras,35
pálida,4
palma,11
palmas,6
palmeira,1
palmela,1
palpitando,1
palpitantes,2
pam,1
panane,1
pancada,1
pancaia,1
pandas,1
pandeiros,1
panelas,1
pangaios,1
pânico,1
pano,4
panónios,1
panopeia,1
panos,4
panteia,1
papel,1
para,225
paragem,1
paraíso,3
parar,1
parcas,3
parceiros,1
parece,28
parecelhe,2
parecem,1
pareceo,1
parecer,3
parecerá,1
parecerão,1
pareceres,2
pareceu,3
parecia,7
pareciam,2
paredes,4
parentes,9
pares,2
parida,1
pariste,1
pariu,3
parnaso,1
párseos,1
parta,2
partazanas,1
parte,73
partem,3
parténope,2
partes,23
partese,2
parti,1
partia,8
participante,2
particular,1
particularmente,1
partida,6
partido,7
partidos,1
partimonos,1
partimos,1
partir,1
partíramos,1
partirmos,1
partirse,1
partisse,1
partiu,2
partiuse,1
parto,2
pasce,1
pascer,1
pasmava,1
passa,18
passada,5
passadas,3
passado,9
passadores,2
passados,13
passagem,2
passam,4
passamos,3
passando,6
passar,13
passara,1
passaram,8
passarinho,1
pássaros,1
passarse,1
passasse,1
passassem,1
passava,4
passavam,3
passe,1
passeavam,1
passei,1
passeios,1
passem,1
passes,1
passo,10
passos,7
passou,3
pastam,1
pasto,2
pastor,5
pastoral,1
pastoras,2
pastoris,1
pata,1
patane,1
patanes,1
patente,1
paternais,1
paternal,1
paterno,3
pátria,38
pátrias,1
pátrio,5
pátrios,2
pau,6
paulo,5
paus,1
paz,18
pazes,3
pé,3
peca,1
peça,1
pecado,4
pecadores,1
pecados,1
peças,6
pecou,1
pedaços,5
pede,11
pedelhe,1
pedes,2
pedi,1
pedia,5
pediam,1
pedimoste,1
pedindo,1
pedisse,1
pediste,1
pedra,6
pedradas,1
pedraria,4
pedras,7
pedro,10
pega,2
pegada,1
pego,1
pegu,1
peitas,2
peito,76
peitos,21
peixe,2
peixes,2
pejo,2
pela,61
péla,1
pelas,31
pele,4
peleja,9
pelejai,1
pelejando,5
pelejar,1
pelejaram,2
pelejas,1
pelejava,3
pelejavam,1
pelejo,1
peleu,1
pelo,58
pelos,26
pelouro,2
pelouros,5
pena,12
penachos,1
penas,1
penates,2
pendão,2
pende,5
pendem,2
pendendo,1
pendente,1
pendentes,1
pendia,1
pendurado,1
pendurados,1
pene,1
penedo,5
penedos,1
penetra,1
penetrando,2
penetrante,3
penetrantes,2
penetras,1
penetrou,1
penhor,3
peno,2
penoso,1
pensamento,16
pensamentos,8
penteada,1
pentem,1
peões,1
pequena,11
pequenas,1
pequeno,9
pequenos,6
per,1
pera,24
peras,1
perca,1
percam,1
perclaro,1
perclaros,1
perda,1
perdão,1
perdas,1
perde,6
perdeis,1
perdêla,3
perdendo,3
perdendoa,1
perder,5
perderá,1
perderão,1
perdes,1
perdesse,2
perdeu,2
perdi,1
perdia,1
perdição,1
perdições,1
perdida,7
perdido,4
perdidos,5
perdoa,1
perdoam,1
perdoarlhe,1
perdoeme,1
perece,1
perecem,3
peregrina,5
peregrinando,1
peregrinas,1
peregrino,1
pereira,2
pereiras,1
perfeita,2
perfeito,4
perfeitos,1
pérfida,6
pérfidas,1
perfídias,1
pérfido,4
pergunta,6
perguntalhe,1
perguntando,2
perguntar,1
perguntara,1
perguntava,1
perguntavam,1
periga,1
perigo,18
perigos,24
perigosa,2
perigosas,1
perigoso,1
perigosos,1
perilo,1
perimal,3
perineu,1
perístera,2
perjúrio,1
perjúrios,2
perlas,2
permaneça,1
permanecem,1
permissão,1
permites,1
permitiu,2
perna,2
pernas,3
pêro,1
perpétua,5
perpetuamente,1
perpétuo,3
perpétuos,1
perros,1
persa,2
persas,1
perseguemno,1
pérsia,2
pérsico,1
persuade,2
pertinace,1
pertinácia,1
pertinaz,2
perto,14
pés,12
pesa,6
pesada,4
pesadas,1
pesado,1
pesais,1
pesalhe,1
pesandolhe,1
pesar,1
pesara,1
pesares,1
pesasse,1
pescadores,1
pescados,2
pescarias,1
pescoço,2
pese,1
peso,9
pesos,1
pessoa,4
pessoas,3
pétrea,1
petrina,1
pexes,1
picam,1
piedade,12
piedosa,2
piedosas,3
piedoso,3
piedosos,3
pífaros,1
piloto,17
pilotos,4
pimenta,4
pincel,1
pindo,1
pinheiros,1
pinta,5
pintada,3
pintadas,2
pintado,2
pintados,1
pintam,1
pintando,4
pintariam,1
pintava,1
pintores,1
pintou,1
pintura,6
pinturas,2
pior,1
pios,1
piramidais,1
piramidal,1
pirata,1
piratas,2
piráticas,1
pirene,1
pírene,1
pireneu,1
pirítoo,1
piróis,1
pirro,2
pisa,2
pisada,1
pisando,1
pisar,1
piscosa,1
pisou,1
plácido,1
plaga,1
plagas,1
planeta,3
plebe,2
plínio,1
pluma,1
plúmbea,1
plutão,1
pó,2
pobre,7
pobres,2
pobreza,3
pode,38
pôde,7
podeis,1
podeisvos,1
podêloá,1
podem,2
podemos,2
podemse,1
podendo,2
poder,44
poderá,4
poderão,1
poderás,1
poderemos,1
poderes,3
poderiam,1
poderosa,2
poderoso,9
poderosos,3
poderse,1
podes,3
podia,12
podre,1
põe,12
põem,4
põeme,2
pões,1
põese,1
poesia,1
põeste,1
pois,53
pola,3
poleás,1
policena,1
polícia,3
polidas,2
polido,2
polidoro,2
polifemo,1
polifemos,1
pólo,15
polónios,1
pólos,1
pombinha,1
pomo,2
pomona,2
pomos,2
pompa,1
pompeio,1
pompílio,1
pompónio,1
ponde,2
pondera,1
pondes,1
pondo,1
pondose,1
ponente,2
ponho,1
ponta,4
pontas,5
ponte,1
ponto,3
popa,1
popular,1
populares,2
populosa,1
populoso,1
por,548
pôr,14
porá,3
porás,1
porco,1
poreis,1
porem,1
porém,29
porfia,6
porfiam,1
porfias,2
pôrlhe,1
poro,1
porque,106
porta,2
portais,1
portanto,1
portas,7
portátil,1
porteiro,1
porto,24
portos,3
portugal,11
português,15
portuguesa,12
portuguesas,2
portugueses,20
porventura,1
pôs,11
possa,10
possam,1
possança,2
possante,2
possantes,10
posse,1
possível,1
posso,6
possui,2
possuía,4
possuída,2
possuílos,1
possuindo,1
possuir,2
possuireis,1
possuiu,1
posta,9
posto,26
postos,5
postura,1
potência,5
potente,16
potentes,1
potestade,6
pouca,18
poucas,1
pouco,54
poucos,11
povo,47
povoação,2
povoadas,1
povoador,2
povoam,1
povoamos,1
povoara,1
povoaram,1
povoasse,1
povos,9
prado,3
praia,16
praias,11
pranta,1
prantado,1
pranto,3
prasso,2
prata,4
prática,2
práticas,2
praticava,1
pratos,1
prazenteiros,1
prazer,4
prazeres,1
prazo,3
precede,1
precedem,1
preceito,2
preceitos,1
preceptos,1
preciosa,2
preciosas,1
precipitado,1
preço,13
pregando,1
pregão,1
pregar,1
preminência,1
preminente,2
prémio,18
prémios,2
prende,1
prenhes,1
prepara,1
presa,13
presas,1
presença,6
presente,4
presentes,4
preso,12
presos,9
pressa,6
pressaga,1
pressago,2
pressupôs,1
pressuposto,3
pressuroso,2
prestante,3
prestantes,1
prestes,1
presteza,2
presumo,1
preta,1
pretende,12
pretenderam,1
pretendes,1
pretendia,3
pretendiam,1
pretendo,1
preza,3
prezada,1
prezado,3
prezar,1
prezara,1
prezas,1
prima,2
primeira,13
primeiro,30
primeiros,6
primor,2
primores,2
princesa,3
princesas,2
principado,1
principais,7
principal,4
principalmente,1
príncipe,15
princípio,2
prior,1
prisão,2
prisca,1
privada,1
privadas,1
privado,2
privados,3
privou,1
proa,11
proas,4
procede,1
procela,1
procelosa,1
procelosos,2
procissão,1
procura,1
procuramos,1
procuro,1
produz,1
produze,2
produzidas,1
produzido,1
produzidos,2
produziu,2
proeminência,1
proeminências,1
proeminente,1
proêmio,1
profana,2
profano,1
profanos,3
profecia,2
proferia,1
profeta,5
profetizado,1
profligados,1
profunda,1
profundas,1
profundo,18
progénie,4
progenitor,1
progne,1
prolongada,1
promessa,1
promessas,2
promete,1
prometelhos,1
prometem,2
prometendo,4
prometera,1
prometerás,1
prometeu,3
prometia,3
prometida,1
prometido,4
prometo,1
prometote,1
promontório,4
promontórios,1
pronta,2
pronto,6
prontos,4
propõelhe,1
propondolhe,1
propôs,2
propósito,8
propósitos,3
própria,5
propriamente,2
próprias,1
próprio,9
próprios,8
propuseram,1
prosa,1
próspera,3
prosperado,1
prósperamente,1
próspero,3
prósperos,1
prosseguia,1
prosseguindo,1
prosseguiram,1
proteio,1
próteo,1
proteu,3
prova,4
provada,1
provado,1
provados,1
provam,1
provando,1
provar,1
provara,1
provaram,1
provarão,1
provariam,1
provas,1
provasses,1
provava,1
provê,1
proveito,5
proveja,1
proverse,1
próvidas,1
providência,3
província,6
províncias,1
prudência,4
prudente,3
ptei,2
ptolomeu,3
publica,1
público,4
públicos,1
publique,1
pude,1
pudemos,1
puder,1
pudera,1
puderam,7
puderas,1
puderem,1
pudesse,6
pudessem,5
pudeste,1
pudestes,1
pudibunda,1
pudica,1
pudicícia,1
punha,2
punham,4
punidos,1
pura,11
puras,2
pureza,2
purezas,2
puro,12
púrpura,1
purpúrea,2
purpúreas,1
purpúreos,1
puseram,2
pusesse,2
puseste,1
puxam,2
quais,10
quaisquer,5
qual,78
qualidade,4
qualidades,3
qualquer,17
quando,107
quanta,4
quantas,6
quantidade,4
quantidades,1
quanto,59
quantos,10
quão,2
quarta,2
quarto,4
quartos,1
quase,20
quási,2
quatorze,1
quatro,6
quatrocentos,2
que,2757
quebra,2
quebrada,1
quebrado,1
quebram,2
quebrando,1
quebranta,4
quebrantados,1
quebrantar,1
quebrantas,1
quebrar,1
quebrarlhe,1
queda,1
quedá,1
quedas,1
quedo,3
queima,4
queimada,1
queimadas,1
queimados,1
queimando,3
queimarlheá,1
queimasse,1
queimava,2
queime,1
queimou,1
queira,4
queirais,1
queiras,1
queixam,2
quem,234
quente,2
quentes,1
quentura,1
quer,25
quereis,3
querem,8
queremos,2
querendo,3
querer,5
quererás,1
queres,8
queria,11
queriam,2
querida,1
queridas,1
querido,3
queridos,2
quero,9
querolhe,1
quersoneso,3
quieta,4
quietação,1
quieto,5
quíloa,4
quimera,1
quinas,1
quinis,1
quinto,3
quirino,1
quis,20
quisera,4
quiseram,1
quiserdes,3
quiseres,4
quisesse,2
quiseste,1
rábido,1
radiante,2
radiantes,2
rainha,7
raio,7
raios,12
raivosa,1
raízes,2
ramnúsia,1
ramo,7
ramos,5
ramoso,1
rapace,1
rapinas,3
rara,3
raramente,1
raro,6
rãs,1
rasas,1
raso,1
razão,22
razões,13
reais,5
real,5
rebela,2
rebelado,1
rebelde,3
reboliço,1
recado,6
recamadas,1
recebe,11
recebêla,2
recebem,4
recebemos,1
recebendo,3
receber,4
recebera,1
receberá,1
receberam,1
receberão,1
receberdes,1
receberes,1
recebes,1
recebesse,2
recebeu,1
recebia,4
recebida,1
recebidas,2
recebido,3
recebidos,2
recebimentos,1
receio,10
receoso,1
reciprocarse,1
recíproco,1
recobrar,1
recolha,1
recolhe,3
recolhemos,1
recolhendo,2
recolheu,2
recolhidos,1
recompensa,2
recontando,1
recostado,1
recreasse,1
recreia,3
recrescem,2
recupera,1
rédea,2
rédeas,3
redes,3
redondas,1
redondeza,1
redondo,2
refazerse,1
refere,1
referem,1
referiram,1
reflexo,2
refocilar,2
reformála,1
reformarte,1
reforme,1
reformou,1
refrear,2
refreia,3
refrescando,1
refresco,5
refrescos,2
refrigério,2
refrigérios,1
refúgio,2
refusam,1
refuse,1
rega,4
regaço,3
regada,1
regadas,1
regam,1
regando,1
regas,1
rege,1
regedor,9
regedores,1
regêlos,1
regendo,1
regente,2
regeo,1
reger,1
regerdes,1
regia,3
régia,4
região,3
regida,3
regidos,1
regimento,9
régio,2
regiões,5
régios,2
régulo,1
rei,205
reina,1
reinava,1
reino,87
reinos,15
reis,26
reja,1
relação,1
relâmpados,2
relâmpagos,1
relatado,1
relatam,2
releva,2
relevava,1
releve,2
religiosa,2
religioso,2
religiosos,3
relíquias,2
reluz,1
reluze,1
reluzente,1
reluzentes,2
reluzindo,1
remando,2
remédio,10
remédios,1
remete,2
remisso,3
remo,2
remos,3
remota,8
remotas,4
remoto,5
remotos,2
removem,1
removendo,1
removesse,1
remunerados,1
rendas,1
rende,7
rendendose,1
rendera,1
renderse,2
rendeu,2
rendida,1
rendidas,1
rendido,3
rendidos,1
rene,1
reno,2
renova,1
renovada,1
renovam,1
renovava,1
reparo,2
reparte,3
repartemse,1
repartidos,3
repartindo,1
repetisses,1
reposta,1
repousa,1
repousado,1
repousados,2
repousar,1
repousas,1
repousasse,3
repousavam,1
repouso,6
repreendam,1
reprende,1
represaria,2
representa,1
representando,2
reprovando,1
reprovar,1
repugnantes,3
reputada,1
requere,1
requeria,1
reserva,1
reserve,1
resfria,1
resgatasse,2
resguarda,1
resista,4
resiste,1
resistência,9
resistindo,1
resistir,2
resistira,1
resistiram,1
resistirdes,1
resistirei,1
respeita,2
respeito,9
respiram,1
respirava,1
respiravam,1
resplandece,3
resplandecem,2
resplandecente,1
resplendor,1
respondas,1
responde,14
respondelhe,1
respondem,1
respondemlhe,1
respondendo,2
respondeu,1
respondeuqual,1
respondia,3
respondiam,3
respondido,1
resposta,6
respostas,1
ressoando,1
ressonantes,1
ressurjam,1
ressuscitassem,1
restante,1
restaurem,1
restituidor,1
resultou,1
retaguarda,1
retido,2
retidos,2
retiniam,1
retorcendo,1
retorcida,1
retrata,1
retrato,2
retumba,1
retumbando,1
retumbar,1
retumbava,1
reverente,1
revestida,1
revestido,1
revocava,1
revolve,1
revolvendo,4
revolverei,1
revolvessem,1
revolvidas,1
revolvido,4
rezando,1
ri,1
ria,2
ribeira,1
ribeiras,5
ribeiro,1
rica,25
ricas,4
rico,16
ricos,5
rifeios,1
rígido,2
rigor,1
rigorosas,1
rigoroso,1
rigorosos,1
rijamente,1
rima,2
rinchando,1
rindo,1
rio,28
rios,9
riqueza,5
riquezas,3
riquíssimos,1
risinhos,1
riso,3
risonha,1
risonho,1
risos,1
risse,1
rito,3
ritos,1
robusta,2
robusto,2
robustos,1
rochedo,1
rociada,1
roda,3
rodamonte,1
ródano,1
rodeado,5
rodeados,1
rodeando,3
rodearse,1
rodeia,4
rodeiam,1
rodeias,1
rodeio,1
rodeios,2
rodeou,1
rodes,3
ródope,2
rodrigo,1
rodrigues,2
roga,1
rogando,2
rogar,1
rogarem,1
rogava,1
rogo,3
roma,9
romã,1
romana,3
romanas,1
romano,4
romanos,5
romarias,2
rompas,1
rompe,3
rompem,1
rompemse,2
rompendo,6
rompendolhe,1
rompente,1
rompentes,1
romper,1
romperam,1
rompido,1
rómulo,1
ronca,1
ronco,1
rosa,3
rosas,9
rosto,23
rostos,3
rota,5
roto,2
rotos,2
rotundo,2
rouba,1
roubadas,1
roubado,1
roubador,1
roubadoras,1
roubadores,1
roubar,2
roubará,1
roubarem,2
roubarlhe,1
roubos,1
roupa,1
roupas,2
roupinho,1
roxa,5
roxas,3
roxo,8
roxos,2
ruas,2
rubi,2
rubicunda,1
rúbido,1
ruda,3
rude,2
rudeza,1
rudo,8
rudos,5
rugeiro,1
rui,1
ruído,1
ruína,1
ruivas,1
ruminando,1
rumor,8
rústicas,1
rústico,1
rutenos,1
rutilando,1
rutilante,3
rutilantes,1
rutilavam,1
sã,2
sabá,1
sabe,24
sabedor,2
sabedores,1
sabei,1
sabeias,1
sabeis,1
sabêlas,1
sabem,4
sabemos,2
sabendo,2
saber,12
saberá,2
saberás,2
saberdes,1
saberia,1
sabes,1
sabese,1
sabia,7
sábia,1
sabiam,1
sabiamente,2
sábias,2
sabida,2
sabidas,1
sabido,5
sabidos,2
sábio,13
sábios,4
sabor,1
sabores,1
sacerdócio,1
sacerdote,3
sacode,1
sacra,1
sacras,1
sacrificando,1
sacrifício,1
sacrifícios,1
sacro,2
saem,4
sagaz,3
sagazes,1
sagitíferas,1
sagrada,2
sagrado,1
sai,8
saia,4
saíam,3
saiba,2
saibamos,1
saídas,1
saindo,3
sair,9
saísse,1
saíssem,1
saiuse,1
sal,3
sala,2
salácia,1
saladino,1
salamina,1
salgada,1
salgado,6
salgarão,1
salsa,1
salsas,1
salso,4
salta,7
saltam,1
saltando,6
saltaram,1
saltavam,1
salteado,3
salteia,1
salutífera,1
salutífero,1
salvação,1
salvamento,2
salvar,3
salvarse,1
salvas,1
salve,1
salvo,1
samária,1
samatra,1
samnítico,1
samori,2
samorim,11
sampaio,2
sanagá,1
sancho,9
sândalo,1
sangue,27
sanguessuga,1
sanguina,1
sanguinas,1
sanguino,1
sanguinolento,2
sanguinolentos,1
sanguinosa,1
sanguinosas,1
sansão,1
santa,20
santarém,4
santiago,3
santidade,1
santifique,1
santíssima,1
santíssimo,1
santo,22
são,74
sara,1
saramá,1
sardanapalo,1
sármatas,1
sarmático,1
sarracena,2
sarraceno,5
sarracenos,3
satisfaça,1
satisfação,2
satisfaz,1
saudade,1
saúde,1
saudosas,2
saudosos,2
saul,1
saxones,1
sazão,1
scalabicastro,1
se,836
seca,3
secas,1
seco,3
secreta,4
secretamente,2
secretas,6
secreto,1
seda,6
sedas,2
sede,6
sedento,1
sedentos,1
sefizeram,1
segredo,1
segredos,7
segue,6
seguem,1
seguemno,1
seguia,3
seguiam,3
seguila,1
seguilo,1
seguindo,4
seguios,1
seguir,4
seguirme,1
seguiu,1
segunda,1
segundo,32
segundos,1
segura,6
segurado,2
seguramente,1
segurança,6
seguraria,1
segurarse,1
seguras,1
seguro,17
seguros,4
sei,11
seio,7
seios,1
seis,1
seita,6
seja,19
sejais,2
sejam,10
sejas,1
selo,1
selva,1
selvagem,1
selvagens,1
selvages,1
selvática,1
selváticas,1
selvático,1
sem,112
semblante,2
semeados,1
semear,1
semeava,1
semeia,1
semele,1
semelhança,1
semicapro,1
semideuses,2
semirâmis,1
sempavor,1
sempiterna,1
sempiterno,2
sempre,81
senão,16
sendal,1
sendo,30
senhor,18
senhora,4
senhoras,3
senhoreia,2
senhoreias,2
senhores,12
senhorio,10
senhorios,3
sensual,1
sentadas,1
sentado,1
sente,7
sentem,2
sentença,2
sentenças,2
senti,1
sentia,2
sentido,5
sentidos,3
sentiloá,1
sentimento,2
sentimentos,1
sentindo,1
sentir,4
sentiram,4
sentirão,2
sentisse,1
sentiste,1
sentiu,3
sentiuo,1
sepulcro,2
sepultada,1
sepultado,1
sepultaram,1
sepultura,4
séquana,1
sequazes,1
sequeira,1
sequer,2
ser,87
será,26
serão,2
serás,3
serdes,1
serei,3
sereis,2
serem,3
serena,6
sereno,20
seres,1
seria,3
serlheá,1
serpa,1
serra,12
serras,6
sertão,1
sertório,3
serve,3
servem,1
serviam,1
serviço,9
servidas,1
servido,1
servidores,2
servidos,1
servil,1
servindo,1
servir,3
servirte,1
servirvos,1
servissem,1
servos,1
sessenta,1
sesta,1
sestas,1
sestra,1
sesudo,1
seta,7
setas,16
sete,8
setentrional,1
sétima,1
sétimo,1
seu,152
seus,109
seva,1
severamente,1
severidade,2
severo,3
sevilha,3
sexo,1
sexta,1
sexto,2
si,37
sião,2
sibila,1
sibilante,2
sibilantes,1
sicília,1
sículo,1
siene,1
siga,3
sigamos,1
signos,1
sigo,2
sila,1
silêncio,1
silveira,1
silves,3
silvestre,1
silvestres,2
sim,1
simples,1
simulando,2
sinais,10
sinal,19
sincera,1
sinceras,1
sincero,4
singelo,1
singular,1
singulares,8
sinon,1
sinto,3
sintra,3
siquém,1
siracusa,1
sirena,2
sirenas,1
sirtes,2
siso,2
sitibundo,1
situada,1
smirna,1
só,118
soa,5
soada,2
soados,1
soam,3
soando,1
soante,1
soantes,1
soares,1
soasse,2
soava,1
soavam,2
sob,1
sobe,1
sobejam,1
sobejaram,1
sobejas,1
sobejavam,1
sobejo,3
sobem,3
soberana,6
soberanas,4
soberano,6
soberanos,4
soberba,16
soberbamente,1
soberbas,4
soberbíssimo,1
soberbo,14
soberbos,6
sôbolo,1
sobraçados,1
sobre,35
sobrehumana,1
sobrela,1
soco,1
socorrêla,2
socorrer,1
socorrerlhe,1
socorrerme,2
socorres,1
socorrido,1
socorro,5
socotorá,1
soe,3
sofala,2
sofenos,1
sofre,5
sofredor,1
sofreis,2
sofrem,1
sofrendo,2
sofrer,3
sofrerá,1
sofrerás,1
sofreu,1
sofri,1
sofrido,2
sofridos,2
sofrimento,1
sogro,2
sois,11
sóis,1
sojuga,1
sojugada,4
sojugado,2
sojugados,1
sojugando,1
sojugar,1
sojugavam,1
sol,38
solar,4
soldadescas,1
soldado,2
soldados,6
soldão,2
solene,1
sólio,2
solta,4
soltame,1
soltar,2
soltarão,1
soltava,3
solte,1
soltos,1
soltou,2
soluços,1
som,10
sombra,7
sombras,6
sombrio,1
sombrios,1
somenos,1
somente,28
sòmente,1
sometas,1
someteria,1
sometidas,1
sometido,1
somos,5
sonhadas,4
sonhado,1
sonhando,1
sonho,5
sonhos,6
sonhou,1
sono,13
sonolento,1
sonora,3
sonoras,1
sonoro,1
sonoros,1
sonorosa,3
sonorosas,1
soou,1
sopeados,1
sopesando,1
sopra,1
sopro,1
sopros,1
sórdidas,1
sórdido,1
sórdidos,1
sorrindo,1
sorrir,1
sorte,25
sortes,2
sorver,1
sós,16
sossegado,7
sossegados,1
sossegar,1
sossego,3
sostiveram,1
sotopostos,1
sou,6
soube,3
souberam,2
soubesse,1
spica,1
sua,69
suas,22
suave,10
suaves,3
subia,5
subiam,3
subida,2
subidas,2
subido,9
subidos,6
subindo,4
subir,7
subirá,1
subis,2
subissem,1
súbita,7
subitamente,3
súbitas,1
súbito,12
subjugada,1
sublima,3
sublimada,4
sublimado,3
sublimados,3
sublimaram,1
sublime,18
submersa,1
submetesse,1
submetida,1
subtil,10
subtis,5
sucede,3
sucedendo,1
sucederá,1
sucederás,1
sucedessem,1
sucedeu,4
sucesso,2
sucessor,2
sucessores,1
sucessos,2
suécio,1
suez,2
sujeita,4
sujeitando,1
sujeitaria,1
sujeitarse,1
sujeito,8
sujeitos,2
sujeitou,1
sujos,1
sul,5
sulfúreas,1
sulfúreo,1
suma,8
sumano,1
sumo,4
sumptuosas,2
sumptuoso,2
sumptuosos,2
sunda,1
suor,2
superada,1
superado,1
superno,1
superstição,2
supersticiosa,1
suplício,1
suprema,2
supremo,4
surda,1
surdos,1
surge,2
surgimos,1
sus,1
suspeita,6
suspeitarse,1
suspeitas,1
suspeitasse,1
suspeito,2
suspeitosas,1
suspira,1
suspirará,1
suspiras,1
suspirava,1
suspiro,1
suspiros,4
sustém,1
sustenha,1
sustenta,5
sustentadas,1
sustentam,1
sustentar,8
sustentarse,1
sustentasse,1
sustentava,2
sustente,1
sustinha,3
sutileza,1
sutilmente,2
sutis,1
tágides,2
tais,26
tal,55
tálamos,2
talento,1
talha,1
talhada,1
talhas,1
talho,1
tamanha,6
tamanhas,9
tamanho,9
tamanhos,1
também,75
tamboril,2
tánais,1
tângere,1
tangiam,2
tanor,1
tanque,1
tanques,1
tanta,30
tantas,21
tanto,134
tantos,19
tão,207
tapam,1
tapeçaria,1
taprobana,2
tarda,2
tardança,4
tardanças,2
tardassem,2
tarde,1
tardou,2
tarifa,1
tarpeia,2
tarquilio,1
tarragonês,1
tartésios,1
tarteso,1
taumante,1
tauro,1
tavai,1
tavila,1
taxar,1
te,64
teatro,1
tebano,4
tebanos,1
tebas,2
tece,2
tecem,1
tecer,2
teciam,1
tecida,3
tecidas,2
tejo,25
telas,1
telhado,2
telhados,3
têlo,2
tem,99
têm,35
tema,1
temais,1
temamos,1
teme,7
temendo,5
temer,7
temerá,1
temerária,2
temerário,1
temerários,1
temeridade,1
temerosa,2
temerosas,4
temeroso,7
temerosos,4
temerte,1
temesse,1
temessem,1
temeu,1
temia,5
temida,1
temido,5
temidos,1
temistitão,1
temístoeles,1
temo,2
temor,20
temores,1
temos,6
temperado,1
temperavam,2
tempestade,4
tempestades,1
templo,6
templos,1
tempo,81
temporespondia,1
tempos,4
tenaces,1
tenassari,1
tenção,9
tenções,1
tende,1
tendes,7
tendo,10
tenebrosas,1
tenha,8
tenhais,1
tenham,4
tenhas,1
tenho,11
tenra,1
tenro,3
tens,18
tensão,2
tenta,1
tentar,2
tentarem,1
tento,6
tentou,2
teotónio,1
ter,45
terá,10
terão,3
terás,2
terçados,1
terceira,3
terceiro,3
terei,2
tereis,5
terem,3
teresa,3
teria,2
teriam,1
terlhe,2
terme,1
término,1
términos,2
termo,1
termodonte,1
termópilas,1
ternate,1
terra,217
terras,45
terrena,1
terreno,16
terrestre,1
terríbil,3
terror,2
teseu,2
tesifónio,1
teso,1
tesouro,3
tetas,2
tethys,7
tétios,1
tétis,2
tetuão,1
teu,21
teus,11
teve,17
textos,2
ti,25
tibre,1
tido,1
tidore,1
tiestes,1
tifeias,2
tifeu,2
tigre,2
tigres,1
til,1
timavo,1
tímida,2
tímidos,2
timor,1
tinge,4
tingia,2
tingindo,1
tingirá,1
tingitana,1
tingitânia,1
tinha,60
tinham,7
tínhamos,4
tinhas,2
tinta,4
tinto,3
tioneu,3
tira,5
tirai,1
tirando,4
tirania,4
tiranizado,1
tirano,3
tiranos,3
tirar,5
tirará,2
tiraram,2
tire,1
tíria,1
tiríntio,1
tírios,1
tiro,3
tiros,4
tirou,5
tirso,1
tirsos,1
titão,1
títiro,1
tito,1
título,4
títulos,2
tiver,2
tivera,2
tiveram,11
tiverdes,1
tivesse,4
tiveste,2
to,4
tobias,1
toca,3
tocada,1
tocado,1
tocados,1
tocam,1
tocando,2
tocar,1
tocarte,1
tocava,4
tocavam,3
tocou,1
toda,83
todas,19
todo,72
todos,64
toldado,1
toldos,4
toledo,1
tolhe,2
tolheis,1
tolhia,3
tom,3
toma,16
tomada,10
tomadas,1
tomado,6
tomados,2
tomai,2
tomais,1
tomála,1
tomálo,1
tomam,4
tomamos,3
tomando,9
tomandolhe,2
tomandonos,1
tomandoo,1
tomar,19
tomara,4
tomaram,4
tomarem,2
tomaria,1
tomarmos,1
tomasse,1
tomassem,1
tomastes,1
tomava,1
tomavam,2
tome,8
tomé,1
tomo,1
tomou,14
tonante,3
topar,1
torcato,1
tormenta,6
tormentas,5
tormentório,3
tormentos,3
torna,17
tornada,3
tornado,4
tornam,3
tornamos,1
tornando,6
tornandose,1
tornaposto,1
tornar,8
tornara,1
tornará,1
tornaram,2
tornarão,1
tornaria,1
tornarse,1
tornarselhe,1
tornasse,7
tornassem,1
tornava,3
tornavam,1
torne,8
tornei,1
torneios,1
tornem,2
tornemos,1
tornes,2
tornevos,1
torno,4
tornou,9
torpe,11
torpemente,1
torpes,2
torra,1
torre,6
torres,5
torva,1
torvada,1
torvado,4
torvados,1
tos,1
tostados,1
total,1
totalmente,4
toucas,1
touro,5
touros,3
tra,1
trabalha,6
trabalhada,1
trabalhado,1
trabalhadores,2
trabalhados,1
trabalhando,4
trabalharem,2
trabalhava,2
trabalhavam,1
trabalho,24
trabalhos,25
trabalhoso,1
trabalhosos,2
trabuco,1
trabucos,1
traces,2
tracto,1
trago,1
traições,2
trajano,2
trajo,6
tranças,1
trance,2
trancoso,1
tranqueira,1
tranqueiras,1
tranquila,1
tranquilo,2
transformado,1
transformando,1
transformaram,1
transparente,3
transtagana,1
transtaganas,2
transunto,1
traquetes,2
trará,2
trarás,1
traria,1
trás,3
trasladados,1
traslado,1
traspassado,1
tratada,1
tratado,1
tratálos,1
tratamento,3
tratando,1
tratar,1
trataram,1
tratarei,1
tratava,4
trato,8
travar,1
traz,20
trazem,6
trazendo,5
trazendonos,1
trazer,4
trazes,1
trazia,18
traziam,4
traziamna,1
trazido,2
trazidos,1
tredores,3
treição,1
treício,2
trema,1
treme,4
tremendo,1
tremer,1
tremeu,1
tremiam,1
tremular,1
trémulas,1
tremulavam,1
trêmulo,2
trêmulos,1
trepavam,1
três,15
treva,4
treze,1
trezeno,1
trezentos,1
triagas,2
tribo,1
tributo,5
tributos,2
trifauce,1
trigo,2
trina,1
trinta,1
triste,18
tristes,7
tristeza,5
tritão,3
triunfa,1
triunfando,2
triunfante,2
triunfar,1
triunfava,1
triunfos,4
triz,2
troco,6
troféus,6
tróia,2
troiano,3
troianos,1
trombeta,5
trombetas,4
tronco,5
troncos,3
trono,1
trópico,1
trópicos,1
troque,3
trouxe,8
trouxeram,3
trouxessem,1
trovão,1
trovoadas,1
trovões,5
truculento,1
trudante,1
tu,62
tua,15
tuas,1
tuba,4
tubas,1
tudo,85
tui,1
túmida,2
tumulto,3
turbulenta,1
turca,2
turco,1
turcos,1
turquia,3
tusco,1
üa,4
ufano,3
ulisseia,2
ulisses,4
ulisseus,1
ulmeiro,1
última,6
últimas,1
último,2
um,213
uma,52
umas,1
úmidas,2
úmido,2
úmidos,1
undívago,1
undosas,2
undoso,3
úngaro,2
ungria,1
uni,1
única,2
único,3
unida,1
unido,1
unidos,3
universal,2
universo,1
uns,25
urdia,3
urdido,1
urgente,3
ursas,1
usada,6
usadas,4
usado,12
usados,3
usança,8
usar,1
usaram,2
usavam,1
use,2
uso,6
usou,1
usurpais,1
uvas,1
vá,9
vã,8
vaca,1
vácuo,1
vagabundo,2
vagando,1
vagar,3
vagaroso,2
vagarosos,1
vago,3
vai,60
vaidade,3
vaidades,1
vaise,2
vaite,2
val,9
vale,3
valem,1
valente,3
valentes,4
valentia,5
valer,3
valerá,1
valerem,1
valerosas,5
valeroso,6
valerosos,2
vales,3
valha,1
valia,8
válida,1
validas,1
valido,1
valor,15
valorosas,1
valorosos,1
vandália,2
vândalos,2
vantavam,1
vão,87
vãoa,1
vãos,5
vãose,1
vapora,1
vaporzinho,1
vara,1
varia,1
vária,5
variadas,3
variados,1
variamente,1
varias,1
várias,24
vário,1
vários,18
varões,3
vás,4
vãs,6
vasco,3
vasconcelos,1
vaso,4
vasos,3
vasques,1
vassalo,4
vassalos,5
vasto,1
vates,1
vaticina,1
vaticinando,1
vazio,2
vê,48
veda,1
vedado,1
vedados,1
vede,5
vedelo,2
vedelos,1
vedem,1
vedeo,1
vedes,11
vedesme,1
vedras,1
vêem,6
vêemse,3
veias,4
veio,13
veja,12
vejais,2
vejam,3
vejamos,2
vejo,9
vela,13
vêla,1
velas,21
velha,3
velhas,1
velhice,1
velho,20
velhos,3
velo,1
vêlo,8
veloces,1
vêlos,1
veloso,10
velozes,2
veludo,1
vem,37
vêm,34
vemos,1
vença,2
vence,5
vencedor,11
vencedora,4
vencedoras,2
vencedores,3
vencêla,1
vencem,2
vencemos,1
vencendo,4
vencer,7
vencerá,2
vencerão,1
vencerás,1
vencerei,1
venceria,2
venceriam,1
vencesse,2
vencestes,1
venceu,1
venci,1
vencida,1
vencidas,2
vencido,11
vencidos,8
vencimento,5
vencimentos,1
venda,3
vendem,2
vender,4
venderse,2
vendido,1
vendível,2
vendo,41
vendose,4
veneno,5
venenos,1
venenosas,1
venenoso,1
veneração,1
venerado,1
veneranda,3
venerando,4
venerar,2
venéreo,1
veneza,2
venha,6
venham,2
venhas,1
venho,2
vens,1
ventando,1
vento,43
ventos,26
ventou,1
ventre,2
ventura,21
venturas,1
venturosas,2
venturoso,1
vénus,14
venustos,1
vêo,1
ver,59
verá,8
verão,8
verás,7
verdade,28
verdadeira,12
verdadeiras,3
verdadeiro,11
verdadeiros,4
verdades,1
verde,11
verdes,3
verdura,3
verei,1
vereis,25
verem,1
veremos,1
veres,1
verga,3
vergonha,5
vergonhosa,1
vergonhosas,1
vergonhosos,1
veria,1
verias,1
verlhe,1
vermeás,1
vermelha,1
vermelhas,1
vermelho,3
vermos,2
vernos,1
verões,1
verse,3
verso,5
versos,8
verte,2
vês,30
vêse,1
véspero,1
vesta,2
veste,2
vestem,1
vestemse,1
vesti,1
vestia,1
vestida,1
vestido,3
vestidos,7
vestindo,2
véu,3
vez,8
vezes,39
vi,11
via,22
viagem,7
viagens,1
vialáctea,1
viam,3
viamse,1
vias,8
viase,1
vibra,2
vicente,1
vicia,1
vício,5
vícios,4
viciosas,1
vicioso,1
viciosos,1
viçosa,1
vida,56
vidas,9
vide,1
vidro,1
viemos,2
vier,1
viera,3
vieram,5
viesse,2
viessem,3
vigiando,2
vigiar,1
vigias,2
vigiava,2
vigiavam,1
vigor,1
vil,23
vila,6
vilas,4
vileza,1
vilezas,2
vim,2
vimos,5
vínculo,1
vinda,9
vindes,1
vindo,3
vingada,1
vingadores,1
vingais,1
vingam,1
vingança,11
vingando,1
vingar,1
vingaram,1
vingarás,1
vingarte,1
vingome,1
vingueis,1
vinha,21
vinham,9
vinho,1
vinhos,3
vinte,1
violas,1
violento,1
violentos,1
vir,18
vira,5
virá,7
virada,1
viradas,1
viram,8
virando,2
virão,3
virás,1
virgem,2
virgílios,1
virginais,2
virgíneas,1
viria,2
viriam,1
viriato,3
viris,1
virse,2
virtude,15
virtudes,1
virtuosa,1
virtuoso,1
visão,1
viseira,1
visíbil,1
visita,2
visitado,1
visitar,1
visitava,2
visse,5
vissem,3
vista,37
vistas,2
viste,3
vistes,5
visto,7
vistos,3
vital,1
vítimas,1
vitória,23
vitórias,12
vitoriosos,1
vitupério,4
vitupérios,2
viu,25
viuo,1
viúva,2
viva,9
vivam,1
vivas,3
vive,4
viveis,1
vivem,4
vivendo,1
viver,4
viveram,2
viverão,1
vivesse,1
viveza,1
vivia,2
viviam,1
vivo,3
vivos,5
vizinha,4
vizinhança,1
vizinhas,1
vizinho,5
vizinhos,3
voa,8
voadores,2
voam,2
voando,5
voar,2
voava,1
voavam,1
vociferando,1
voe,1
volta,1
voltas,1
volteam,1
volteando,2
volúvel,1
volvem,3
volvendo,1
vontade,18
vontades,2
voou,2
vos,42
vós,62
vossa,16
vossas,8
vosso,22
vossos,19
votos,1
vou,4
voz,22
vozes,3
vozreal,1
vulcâneas,2
vulcano,9
vulgado,1
vulgares,2
vulgo,2
vulto,5
xados,1
xeque,1
xerez,1
xerxes,1
zaire,1
zebelinos,1
zéfiro,3
zeila,1
zelo,1
zeloso,1
zona,1
zopiro,1
zunido,2
